id,date,category,amount,vendor
1,6/13/2024,Utilities,$961.50,Simba Internet Ltd. (Internet Service Provider)
2,11/30/2023,Office supplies,$145.73,Faniki Cartridges & Toners
3,7/13/2023,Office supplies,$91.17,Lenana Office Solutions
4,3/3/2024,Travel,$490.92,Wilderness Wanderer Tours & Safaris
5,2/1/2024,Legal Fees,$394.88,Harambee Law Chambers
6,5/20/2024,Travel,$24.09,Wilderness Wanderer Tours & Safaris
7,10/11/2023,Office supplies,$48.67,Jambo Stationery Supplies Ltd
8,7/21/2023,Legal Fees,$16.30,Nyota Legal Consultants
9,2/28/2024,Legal Fees,$787.58,Nyota Legal Consultants
10,4/29/2024,Legal Fees,$446.57,Harambee Law Chambers
11,5/4/2024,Travel,$241.37,Safari Bookings Kenya
12,8/30/2023,Travel,$109.84,Wilderness Wanderer Tours & Safaris
13,1/17/2024,Utilities,$690.09,Maji Bora Water Company (Water)
14,6/30/2023,Utilities,$857.19,Maji Bora Water Company (Water)
15,5/1/2024,Utilities,$251.97,Simba Internet Ltd. (Internet Service Provider)
16,8/1/2023,Travel,$21.00,Fahari Corporate Travel
17,4/22/2024,Utilities,$343.50,Maji Bora Water Company (Water)
18,7/29/2023,Legal Fees,$390.91,Nyota Legal Consultants
19,11/6/2023,Office supplies,$478.79,Jambo Stationery Supplies Ltd
20,3/23/2024,Travel,$125.10,Safari Bookings Kenya
21,2/29/2024,Legal Fees,$560.80,Nyota Legal Consultants
22,11/10/2023,Office supplies,$664.75,Faniki Cartridges & Toners
23,7/16/2023,Office supplies,$481.21,Jambo Stationery Supplies Ltd
24,10/8/2023,Legal Fees,$289.86,Harambee Law Chambers
25,1/5/2024,Utilities,$178.09,Maji Bora Water Company (Water)
26,3/2/2024,Legal Fees,$7.34,Adler & Associates Advocates
27,6/24/2023,Travel,$529.45,Fahari Corporate Travel
28,2/25/2024,Utilities,$234.62,Kestrel Power (Electricity)
29,11/21/2023,Utilities,$989.10,Maji Bora Water Company (Water)
30,9/12/2023,Legal Fees,$913.70,Nyota Legal Consultants
31,1/2/2024,Utilities,$159.59,Maji Bora Water Company (Water)
32,6/8/2024,Office supplies,$90.93,Faniki Cartridges & Toners
33,11/25/2023,Travel,$369.31,Wilderness Wanderer Tours & Safaris
34,1/16/2024,Utilities,$679.22,Simba Internet Ltd. (Internet Service Provider)
35,8/5/2023,Office supplies,$189.52,Jambo Stationery Supplies Ltd
36,9/19/2023,Travel,$623.99,Wilderness Wanderer Tours & Safaris
37,8/1/2023,Utilities,$248.59,Simba Internet Ltd. (Internet Service Provider)
38,11/8/2023,Utilities,$146.11,Kestrel Power (Electricity)
39,2/20/2024,Legal Fees,$747.78,Adler & Associates Advocates
40,12/23/2023,Legal Fees,$10.09,Harambee Law Chambers
41,1/31/2024,Utilities,$534.04,Maji Bora Water Company (Water)
42,7/20/2023,Office supplies,$687.58,Jambo Stationery Supplies Ltd
43,1/18/2024,Legal Fees,$912.45,Harambee Law Chambers
44,6/21/2023,Travel,$126.93,Safari Bookings Kenya
45,12/18/2023,Travel,$596.41,Wilderness Wanderer Tours & Safaris
46,7/4/2023,Office supplies,$169.41,Faniki Cartridges & Toners
47,12/15/2023,Legal Fees,$660.51,Adler & Associates Advocates
48,12/4/2023,Travel,$860.01,Safari Bookings Kenya
49,6/19/2023,Office supplies,$982.69,Lenana Office Solutions
50,4/1/2024,Utilities,$242.08,Simba Internet Ltd. (Internet Service Provider)
51,4/12/2024,Legal Fees,$947.56,Harambee Law Chambers
52,6/20/2023,Utilities,$530.65,Simba Internet Ltd. (Internet Service Provider)
53,10/28/2023,Office supplies,$740.25,Lenana Office Solutions
54,4/9/2024,Legal Fees,$722.11,Adler & Associates Advocates
55,11/2/2023,Travel,$834.74,Safari Bookings Kenya
56,8/21/2023,Office supplies,$944.44,Jambo Stationery Supplies Ltd
57,12/30/2023,Travel,$520.81,Safari Bookings Kenya
58,9/30/2023,Travel,$931.48,Fahari Corporate Travel
59,9/23/2023,Legal Fees,$697.50,Harambee Law Chambers
60,6/5/2024,Utilities,$806.85,Kestrel Power (Electricity)
61,10/18/2023,Utilities,$299.86,Kestrel Power (Electricity)
62,4/30/2024,Office supplies,$926.98,Faniki Cartridges & Toners
63,6/16/2023,Office supplies,$770.02,Faniki Cartridges & Toners
64,12/17/2023,Utilities,$631.74,Maji Bora Water Company (Water)
65,9/24/2023,Utilities,$605.30,Maji Bora Water Company (Water)
66,5/29/2024,Office supplies,$703.04,Lenana Office Solutions
67,7/8/2023,Travel,$195.35,Fahari Corporate Travel
68,8/1/2023,Legal Fees,$217.96,Nyota Legal Consultants
69,11/10/2023,Legal Fees,$523.56,Harambee Law Chambers
70,10/11/2023,Utilities,$641.05,Maji Bora Water Company (Water)
71,1/2/2024,Legal Fees,$411.95,Harambee Law Chambers
72,3/25/2024,Utilities,$316.79,Kestrel Power (Electricity)
73,7/28/2023,Office supplies,$739.65,Faniki Cartridges & Toners
74,4/13/2024,Legal Fees,$721.74,Nyota Legal Consultants
75,6/20/2023,Utilities,$256.32,Maji Bora Water Company (Water)
76,7/23/2023,Legal Fees,$676.09,Adler & Associates Advocates
77,5/12/2024,Office supplies,$833.81,Lenana Office Solutions
78,1/2/2024,Travel,$260.59,Safari Bookings Kenya
79,9/11/2023,Legal Fees,$968.67,Harambee Law Chambers
80,6/22/2023,Office supplies,$667.94,Faniki Cartridges & Toners
81,8/26/2023,Travel,$508.52,Wilderness Wanderer Tours & Safaris
82,10/4/2023,Office supplies,$10.27,Lenana Office Solutions
83,10/3/2023,Legal Fees,$423.78,Adler & Associates Advocates
84,12/26/2023,Travel,$443.48,Fahari Corporate Travel
85,4/2/2024,Travel,$998.65,Safari Bookings Kenya
86,12/29/2023,Travel,$315.40,Safari Bookings Kenya
87,8/5/2023,Legal Fees,$154.21,Nyota Legal Consultants
88,4/4/2024,Travel,$667.62,Wilderness Wanderer Tours & Safaris
89,5/6/2024,Utilities,$968.77,Simba Internet Ltd. (Internet Service Provider)
90,10/5/2023,Legal Fees,$120.87,Adler & Associates Advocates
91,2/21/2024,Legal Fees,$520.73,Adler & Associates Advocates
92,6/24/2023,Legal Fees,$159.43,Adler & Associates Advocates
93,11/4/2023,Office supplies,$698.45,Faniki Cartridges & Toners
94,2/20/2024,Utilities,$938.83,Maji Bora Water Company (Water)
95,3/24/2024,Legal Fees,$5.25,Adler & Associates Advocates
96,10/24/2023,Travel,$211.81,Safari Bookings Kenya
97,10/30/2023,Office supplies,$6.71,Faniki Cartridges & Toners
98,7/19/2023,Legal Fees,$178.84,Nyota Legal Consultants
99,2/16/2024,Office supplies,$376.39,Faniki Cartridges & Toners
100,2/23/2024,Travel,$463.43,Safari Bookings Kenya
101,6/22/2023,Office supplies,$451.08,Lenana Office Solutions
102,6/28/2023,Legal Fees,$341.42,Harambee Law Chambers
103,11/8/2023,Office supplies,$616.58,Faniki Cartridges & Toners
104,6/11/2024,Office supplies,$36.59,Faniki Cartridges & Toners
105,9/23/2023,Travel,$942.11,Wilderness Wanderer Tours & Safaris
106,1/3/2024,Utilities,$723.21,Maji Bora Water Company (Water)
107,9/13/2023,Utilities,$376.77,Maji Bora Water Company (Water)
108,9/3/2023,Travel,$477.86,Fahari Corporate Travel
109,1/9/2024,Utilities,$192.81,Maji Bora Water Company (Water)
110,3/6/2024,Legal Fees,$117.97,Harambee Law Chambers
111,7/16/2023,Travel,$637.01,Fahari Corporate Travel
112,3/14/2024,Office supplies,$862.76,Jambo Stationery Supplies Ltd
113,1/26/2024,Utilities,$11.30,Simba Internet Ltd. (Internet Service Provider)
114,12/20/2023,Legal Fees,$134.09,Adler & Associates Advocates
115,9/29/2023,Office supplies,$545.81,Lenana Office Solutions
116,4/18/2024,Travel,$210.64,Wilderness Wanderer Tours & Safaris
117,1/1/2024,Utilities,$745.47,Kestrel Power (Electricity)
118,1/13/2024,Travel,$877.76,Safari Bookings Kenya
119,5/31/2024,Utilities,$676.41,Simba Internet Ltd. (Internet Service Provider)
120,10/31/2023,Travel,$592.65,Wilderness Wanderer Tours & Safaris
121,2/6/2024,Legal Fees,$377.87,Nyota Legal Consultants
122,9/10/2023,Legal Fees,$487.49,Nyota Legal Consultants
123,8/26/2023,Utilities,$436.16,Maji Bora Water Company (Water)
124,8/8/2023,Utilities,$756.34,Maji Bora Water Company (Water)
125,8/29/2023,Legal Fees,$345.49,Harambee Law Chambers
126,8/17/2023,Office supplies,$869.47,Faniki Cartridges & Toners
127,6/11/2024,Legal Fees,$352.16,Adler & Associates Advocates
128,9/19/2023,Travel,$12.71,Wilderness Wanderer Tours & Safaris
129,6/30/2023,Legal Fees,$606.22,Harambee Law Chambers
130,7/25/2023,Utilities,$905.75,Maji Bora Water Company (Water)
131,5/23/2024,Travel,$855.46,Fahari Corporate Travel
132,10/1/2023,Office supplies,$39.88,Lenana Office Solutions
133,6/24/2023,Utilities,$547.65,Simba Internet Ltd. (Internet Service Provider)
134,4/20/2024,Office supplies,$13.32,Lenana Office Solutions
135,11/17/2023,Utilities,$155.71,Kestrel Power (Electricity)
136,11/30/2023,Travel,$880.13,Fahari Corporate Travel
137,5/5/2024,Utilities,$932.32,Kestrel Power (Electricity)
138,2/1/2024,Utilities,$167.64,Simba Internet Ltd. (Internet Service Provider)
139,9/23/2023,Legal Fees,$40.79,Harambee Law Chambers
140,3/9/2024,Travel,$964.95,Wilderness Wanderer Tours & Safaris
141,8/19/2023,Travel,$61.95,Wilderness Wanderer Tours & Safaris
142,1/20/2024,Utilities,$603.87,Maji Bora Water Company (Water)
143,6/26/2023,Utilities,$771.37,Kestrel Power (Electricity)
144,1/9/2024,Office supplies,$621.49,Faniki Cartridges & Toners
145,3/25/2024,Legal Fees,$66.24,Adler & Associates Advocates
146,7/19/2023,Legal Fees,$916.46,Harambee Law Chambers
147,3/13/2024,Office supplies,$665.72,Faniki Cartridges & Toners
148,12/11/2023,Utilities,$342.47,Maji Bora Water Company (Water)
149,12/29/2023,Office supplies,$55.08,Lenana Office Solutions
150,8/23/2023,Utilities,$546.38,Kestrel Power (Electricity)
151,9/2/2023,Utilities,$281.12,Maji Bora Water Company (Water)
152,8/10/2023,Office supplies,$638.13,Jambo Stationery Supplies Ltd
153,2/12/2024,Legal Fees,$102.07,Harambee Law Chambers
154,4/23/2024,Office supplies,$887.79,Lenana Office Solutions
155,8/25/2023,Office supplies,$961.44,Jambo Stationery Supplies Ltd
156,2/27/2024,Office supplies,$51.49,Faniki Cartridges & Toners
157,1/9/2024,Travel,$493.75,Wilderness Wanderer Tours & Safaris
158,12/10/2023,Legal Fees,$61.46,Adler & Associates Advocates
159,3/6/2024,Office supplies,$701.88,Lenana Office Solutions
160,8/21/2023,Utilities,$16.77,Kestrel Power (Electricity)
161,4/15/2024,Legal Fees,$805.35,Harambee Law Chambers
162,2/7/2024,Travel,$537.17,Fahari Corporate Travel
163,9/16/2023,Office supplies,$618.26,Lenana Office Solutions
164,3/21/2024,Travel,$935.24,Safari Bookings Kenya
165,7/12/2023,Office supplies,$381.98,Lenana Office Solutions
166,4/23/2024,Utilities,$76.49,Maji Bora Water Company (Water)
167,11/4/2023,Legal Fees,$642.08,Harambee Law Chambers
168,8/14/2023,Utilities,$753.95,Simba Internet Ltd. (Internet Service Provider)
169,9/15/2023,Travel,$563.10,Safari Bookings Kenya
170,4/12/2024,Utilities,$909.58,Kestrel Power (Electricity)
171,4/24/2024,Travel,$997.39,Safari Bookings Kenya
172,11/29/2023,Office supplies,$197.00,Lenana Office Solutions
173,3/31/2024,Legal Fees,$500.46,Adler & Associates Advocates
174,9/29/2023,Travel,$430.75,Fahari Corporate Travel
175,2/11/2024,Legal Fees,$957.92,Adler & Associates Advocates
176,10/20/2023,Office supplies,$804.13,Lenana Office Solutions
177,9/22/2023,Utilities,$41.29,Maji Bora Water Company (Water)
178,4/30/2024,Utilities,$774.05,Simba Internet Ltd. (Internet Service Provider)
179,11/1/2023,Travel,$832.71,Wilderness Wanderer Tours & Safaris
180,1/7/2024,Utilities,$582.31,Simba Internet Ltd. (Internet Service Provider)
181,6/1/2024,Travel,$97.36,Safari Bookings Kenya
182,9/26/2023,Travel,$925.45,Wilderness Wanderer Tours & Safaris
183,4/19/2024,Travel,$289.16,Fahari Corporate Travel
184,5/31/2024,Utilities,$862.21,Kestrel Power (Electricity)
185,9/28/2023,Utilities,$731.81,Kestrel Power (Electricity)
186,4/13/2024,Utilities,$890.70,Maji Bora Water Company (Water)
187,10/6/2023,Utilities,$778.30,Simba Internet Ltd. (Internet Service Provider)
188,8/15/2023,Utilities,$788.25,Simba Internet Ltd. (Internet Service Provider)
189,5/10/2024,Office supplies,$651.36,Faniki Cartridges & Toners
190,9/4/2023,Travel,$145.84,Fahari Corporate Travel
191,8/5/2023,Utilities,$430.37,Maji Bora Water Company (Water)
192,4/28/2024,Office supplies,$904.51,Faniki Cartridges & Toners
193,3/24/2024,Utilities,$147.99,Kestrel Power (Electricity)
194,11/7/2023,Utilities,$384.53,Simba Internet Ltd. (Internet Service Provider)
195,10/28/2023,Legal Fees,$231.75,Harambee Law Chambers
196,6/28/2023,Office supplies,$480.20,Jambo Stationery Supplies Ltd
197,2/5/2024,Office supplies,$550.68,Lenana Office Solutions
198,1/26/2024,Utilities,$633.27,Simba Internet Ltd. (Internet Service Provider)
199,10/23/2023,Utilities,$354.83,Simba Internet Ltd. (Internet Service Provider)
200,8/6/2023,Office supplies,$310.73,Lenana Office Solutions
201,5/8/2024,Legal Fees,$870.05,Harambee Law Chambers
202,12/27/2023,Utilities,$735.26,Kestrel Power (Electricity)
203,5/18/2024,Office supplies,$224.33,Lenana Office Solutions
204,1/3/2024,Travel,$796.41,Wilderness Wanderer Tours & Safaris
205,10/5/2023,Travel,$34.54,Safari Bookings Kenya
206,5/25/2024,Utilities,$565.87,Simba Internet Ltd. (Internet Service Provider)
207,2/11/2024,Utilities,$789.30,Kestrel Power (Electricity)
208,2/29/2024,Office supplies,$472.05,Jambo Stationery Supplies Ltd
209,5/30/2024,Office supplies,$680.72,Jambo Stationery Supplies Ltd
210,7/27/2023,Legal Fees,$327.05,Adler & Associates Advocates
211,10/29/2023,Travel,$655.36,Wilderness Wanderer Tours & Safaris
212,8/18/2023,Office supplies,$614.09,Lenana Office Solutions
213,7/31/2023,Travel,$953.26,Fahari Corporate Travel
214,2/18/2024,Office supplies,$569.98,Lenana Office Solutions
215,5/25/2024,Office supplies,$434.06,Faniki Cartridges & Toners
216,5/6/2024,Office supplies,$520.95,Faniki Cartridges & Toners
217,7/25/2023,Travel,$84.66,Safari Bookings Kenya
218,1/5/2024,Office supplies,$611.46,Faniki Cartridges & Toners
219,8/9/2023,Office supplies,$696.90,Lenana Office Solutions
220,12/4/2023,Office supplies,$193.49,Jambo Stationery Supplies Ltd
221,3/10/2024,Travel,$107.22,Safari Bookings Kenya
222,1/30/2024,Travel,$881.76,Safari Bookings Kenya
223,5/26/2024,Travel,$16.75,Fahari Corporate Travel
224,6/22/2023,Utilities,$198.28,Maji Bora Water Company (Water)
225,1/18/2024,Travel,$1.79,Fahari Corporate Travel
226,11/12/2023,Utilities,$357.90,Maji Bora Water Company (Water)
227,5/12/2024,Legal Fees,$316.07,Harambee Law Chambers
228,8/3/2023,Legal Fees,$575.69,Harambee Law Chambers
229,2/29/2024,Travel,$622.44,Fahari Corporate Travel
230,7/7/2023,Travel,$278.16,Fahari Corporate Travel
231,12/1/2023,Office supplies,$100.86,Faniki Cartridges & Toners
232,3/21/2024,Travel,$268.16,Safari Bookings Kenya
233,2/19/2024,Legal Fees,$783.74,Harambee Law Chambers
234,8/16/2023,Legal Fees,$844.70,Nyota Legal Consultants
235,10/29/2023,Office supplies,$796.60,Faniki Cartridges & Toners
236,6/3/2024,Legal Fees,$600.81,Adler & Associates Advocates
237,7/17/2023,Travel,$550.03,Safari Bookings Kenya
238,1/24/2024,Utilities,$252.37,Kestrel Power (Electricity)
239,9/10/2023,Utilities,$918.69,Kestrel Power (Electricity)
240,7/16/2023,Legal Fees,$305.01,Harambee Law Chambers
241,9/18/2023,Office supplies,$777.33,Lenana Office Solutions
242,6/9/2024,Travel,$185.91,Wilderness Wanderer Tours & Safaris
243,2/17/2024,Travel,$719.20,Wilderness Wanderer Tours & Safaris
244,8/20/2023,Utilities,$81.39,Kestrel Power (Electricity)
245,7/19/2023,Travel,$810.94,Safari Bookings Kenya
246,4/30/2024,Utilities,$173.27,Maji Bora Water Company (Water)
247,10/3/2023,Utilities,$109.65,Simba Internet Ltd. (Internet Service Provider)
248,3/9/2024,Office supplies,$560.94,Jambo Stationery Supplies Ltd
249,11/25/2023,Travel,$462.42,Wilderness Wanderer Tours & Safaris
250,7/17/2023,Utilities,$654.82,Maji Bora Water Company (Water)
251,5/18/2024,Travel,$883.61,Wilderness Wanderer Tours & Safaris
252,8/30/2023,Utilities,$110.02,Kestrel Power (Electricity)
253,11/29/2023,Office supplies,$733.25,Faniki Cartridges & Toners
254,3/4/2024,Legal Fees,$444.72,Adler & Associates Advocates
255,3/28/2024,Legal Fees,$260.96,Nyota Legal Consultants
256,3/23/2024,Office supplies,$906.77,Faniki Cartridges & Toners
257,5/7/2024,Office supplies,$384.74,Lenana Office Solutions
258,8/21/2023,Utilities,$310.00,Maji Bora Water Company (Water)
259,2/26/2024,Office supplies,$708.34,Faniki Cartridges & Toners
260,3/22/2024,Travel,$765.26,Safari Bookings Kenya
261,1/12/2024,Travel,$942.82,Safari Bookings Kenya
262,10/2/2023,Legal Fees,$233.41,Adler & Associates Advocates
263,6/25/2023,Office supplies,$6.24,Lenana Office Solutions
264,11/15/2023,Travel,$642.25,Wilderness Wanderer Tours & Safaris
265,6/1/2024,Utilities,$545.74,Maji Bora Water Company (Water)
266,7/21/2023,Legal Fees,$981.07,Nyota Legal Consultants
267,3/29/2024,Utilities,$711.49,Simba Internet Ltd. (Internet Service Provider)
268,5/16/2024,Legal Fees,$302.74,Adler & Associates Advocates
269,1/5/2024,Travel,$808.64,Safari Bookings Kenya
270,11/11/2023,Legal Fees,$619.06,Adler & Associates Advocates
271,1/12/2024,Office supplies,$606.11,Jambo Stationery Supplies Ltd
272,4/24/2024,Office supplies,$104.20,Lenana Office Solutions
273,12/22/2023,Travel,$393.12,Fahari Corporate Travel
274,9/26/2023,Legal Fees,$335.50,Harambee Law Chambers
275,8/5/2023,Travel,$729.45,Fahari Corporate Travel
276,8/23/2023,Utilities,$404.62,Kestrel Power (Electricity)
277,3/17/2024,Legal Fees,$296.61,Harambee Law Chambers
278,2/5/2024,Legal Fees,$71.41,Nyota Legal Consultants
279,4/16/2024,Travel,$491.40,Fahari Corporate Travel
280,8/22/2023,Office supplies,$602.94,Faniki Cartridges & Toners
281,4/10/2024,Legal Fees,$246.55,Adler & Associates Advocates
282,11/8/2023,Office supplies,$639.34,Jambo Stationery Supplies Ltd
283,12/20/2023,Travel,$822.79,Fahari Corporate Travel
284,3/21/2024,Utilities,$491.88,Kestrel Power (Electricity)
285,10/11/2023,Office supplies,$413.31,Faniki Cartridges & Toners
286,6/5/2024,Office supplies,$814.45,Jambo Stationery Supplies Ltd
287,8/20/2023,Legal Fees,$769.17,Adler & Associates Advocates
288,10/28/2023,Utilities,$338.65,Maji Bora Water Company (Water)
289,5/16/2024,Office supplies,$360.74,Lenana Office Solutions
290,3/11/2024,Legal Fees,$788.84,Harambee Law Chambers
291,12/22/2023,Travel,$484.84,Wilderness Wanderer Tours & Safaris
292,1/22/2024,Legal Fees,$174.54,Harambee Law Chambers
293,8/21/2023,Utilities,$480.28,Kestrel Power (Electricity)
294,7/5/2023,Travel,$766.42,Fahari Corporate Travel
295,8/10/2023,Office supplies,$65.59,Jambo Stationery Supplies Ltd
296,5/28/2024,Legal Fees,$559.78,Adler & Associates Advocates
297,9/29/2023,Utilities,$913.59,Kestrel Power (Electricity)
298,9/28/2023,Utilities,$613.29,Simba Internet Ltd. (Internet Service Provider)
299,5/2/2024,Office supplies,$633.25,Faniki Cartridges & Toners
300,3/27/2024,Travel,$862.55,Safari Bookings Kenya
301,2/10/2024,Legal Fees,$486.67,Harambee Law Chambers
302,4/23/2024,Legal Fees,$737.86,Harambee Law Chambers
303,5/1/2024,Utilities,$311.58,Maji Bora Water Company (Water)
304,1/25/2024,Office supplies,$674.28,Faniki Cartridges & Toners
305,9/5/2023,Office supplies,$795.63,Jambo Stationery Supplies Ltd
306,9/4/2023,Travel,$788.59,Safari Bookings Kenya
307,12/12/2023,Legal Fees,$511.09,Nyota Legal Consultants
308,6/25/2023,Office supplies,$432.15,Jambo Stationery Supplies Ltd
309,10/10/2023,Travel,$271.64,Safari Bookings Kenya
310,11/4/2023,Legal Fees,$566.01,Harambee Law Chambers
311,4/29/2024,Office supplies,$88.12,Faniki Cartridges & Toners
312,9/23/2023,Office supplies,$106.12,Jambo Stationery Supplies Ltd
313,11/11/2023,Legal Fees,$272.84,Nyota Legal Consultants
314,5/12/2024,Travel,$833.16,Wilderness Wanderer Tours & Safaris
315,8/21/2023,Travel,$400.48,Wilderness Wanderer Tours & Safaris
316,5/2/2024,Office supplies,$224.61,Lenana Office Solutions
317,10/30/2023,Utilities,$625.60,Kestrel Power (Electricity)
318,5/9/2024,Legal Fees,$701.14,Adler & Associates Advocates
319,9/8/2023,Travel,$548.55,Safari Bookings Kenya
320,4/16/2024,Travel,$274.18,Fahari Corporate Travel
321,6/11/2024,Utilities,$170.62,Maji Bora Water Company (Water)
322,5/22/2024,Office supplies,$323.47,Lenana Office Solutions
323,5/20/2024,Travel,$683.33,Wilderness Wanderer Tours & Safaris
324,1/28/2024,Travel,$469.15,Safari Bookings Kenya
325,7/15/2023,Travel,$512.73,Wilderness Wanderer Tours & Safaris
326,1/14/2024,Office supplies,$753.35,Faniki Cartridges & Toners
327,4/21/2024,Travel,$161.40,Wilderness Wanderer Tours & Safaris
328,9/10/2023,Travel,$461.22,Fahari Corporate Travel
329,9/18/2023,Travel,$51.27,Fahari Corporate Travel
330,1/4/2024,Utilities,$654.79,Kestrel Power (Electricity)
331,12/11/2023,Travel,$88.52,Wilderness Wanderer Tours & Safaris
332,8/16/2023,Travel,$64.75,Wilderness Wanderer Tours & Safaris
333,2/28/2024,Legal Fees,$462.80,Nyota Legal Consultants
334,4/12/2024,Utilities,$719.96,Kestrel Power (Electricity)
335,9/16/2023,Utilities,$277.65,Kestrel Power (Electricity)
336,10/22/2023,Office supplies,$680.12,Lenana Office Solutions
337,3/28/2024,Travel,$278.38,Wilderness Wanderer Tours & Safaris
338,11/26/2023,Travel,$986.69,Safari Bookings Kenya
339,8/17/2023,Travel,$486.48,Wilderness Wanderer Tours & Safaris
340,8/20/2023,Travel,$900.02,Wilderness Wanderer Tours & Safaris
341,6/4/2024,Utilities,$54.46,Kestrel Power (Electricity)
342,11/2/2023,Utilities,$482.11,Kestrel Power (Electricity)
343,5/20/2024,Office supplies,$280.47,Jambo Stationery Supplies Ltd
344,6/11/2024,Utilities,$967.39,Maji Bora Water Company (Water)
345,6/30/2023,Legal Fees,$536.24,Adler & Associates Advocates
346,12/27/2023,Office supplies,$96.71,Faniki Cartridges & Toners
347,8/18/2023,Utilities,$489.25,Kestrel Power (Electricity)
348,7/8/2023,Office supplies,$414.32,Lenana Office Solutions
349,8/29/2023,Office supplies,$51.10,Jambo Stationery Supplies Ltd
350,7/10/2023,Utilities,$872.01,Maji Bora Water Company (Water)
351,12/26/2023,Legal Fees,$719.65,Harambee Law Chambers
352,12/7/2023,Utilities,$24.60,Kestrel Power (Electricity)
353,4/29/2024,Utilities,$859.19,Kestrel Power (Electricity)
354,1/11/2024,Travel,$190.99,Fahari Corporate Travel
355,10/2/2023,Office supplies,$341.03,Lenana Office Solutions
356,6/9/2024,Travel,$222.60,Safari Bookings Kenya
357,1/17/2024,Utilities,$359.75,Maji Bora Water Company (Water)
358,12/30/2023,Office supplies,$780.94,Faniki Cartridges & Toners
359,12/18/2023,Legal Fees,$15.92,Nyota Legal Consultants
360,6/2/2024,Travel,$81.09,Fahari Corporate Travel
361,10/21/2023,Legal Fees,$881.99,Harambee Law Chambers
362,2/5/2024,Utilities,$823.46,Simba Internet Ltd. (Internet Service Provider)
363,1/29/2024,Legal Fees,$192.88,Harambee Law Chambers
364,1/7/2024,Utilities,$574.30,Simba Internet Ltd. (Internet Service Provider)
365,7/21/2023,Utilities,$771.02,Kestrel Power (Electricity)
366,12/20/2023,Office supplies,$521.93,Faniki Cartridges & Toners
367,9/6/2023,Travel,$173.24,Fahari Corporate Travel
368,4/18/2024,Utilities,$947.67,Maji Bora Water Company (Water)
369,1/17/2024,Legal Fees,$682.72,Harambee Law Chambers
370,6/5/2024,Office supplies,$136.46,Lenana Office Solutions
371,6/30/2023,Utilities,$967.99,Maji Bora Water Company (Water)
372,5/24/2024,Legal Fees,$732.03,Adler & Associates Advocates
373,12/13/2023,Legal Fees,$9.30,Harambee Law Chambers
374,3/12/2024,Office supplies,$879.51,Jambo Stationery Supplies Ltd
375,12/12/2023,Legal Fees,$126.02,Adler & Associates Advocates
376,2/21/2024,Office supplies,$7.17,Jambo Stationery Supplies Ltd
377,7/31/2023,Legal Fees,$613.81,Harambee Law Chambers
378,11/11/2023,Travel,$368.66,Fahari Corporate Travel
379,10/3/2023,Utilities,$438.85,Kestrel Power (Electricity)
380,10/2/2023,Legal Fees,$805.28,Harambee Law Chambers
381,10/2/2023,Legal Fees,$906.66,Nyota Legal Consultants
382,3/9/2024,Office supplies,$888.62,Faniki Cartridges & Toners
383,11/6/2023,Utilities,$562.95,Simba Internet Ltd. (Internet Service Provider)
384,4/25/2024,Legal Fees,$947.10,Adler & Associates Advocates
385,11/12/2023,Utilities,$445.06,Simba Internet Ltd. (Internet Service Provider)
386,2/7/2024,Office supplies,$563.63,Lenana Office Solutions
387,6/14/2023,Legal Fees,$895.33,Harambee Law Chambers
388,9/18/2023,Travel,$846.96,Safari Bookings Kenya
389,4/6/2024,Travel,$406.55,Wilderness Wanderer Tours & Safaris
390,5/22/2024,Office supplies,$358.82,Jambo Stationery Supplies Ltd
391,12/18/2023,Legal Fees,$724.91,Adler & Associates Advocates
392,9/12/2023,Legal Fees,$766.32,Nyota Legal Consultants
393,9/8/2023,Legal Fees,$724.71,Adler & Associates Advocates
394,3/14/2024,Office supplies,$404.80,Faniki Cartridges & Toners
395,8/9/2023,Legal Fees,$62.13,Harambee Law Chambers
396,4/25/2024,Office supplies,$295.56,Jambo Stationery Supplies Ltd
397,3/16/2024,Legal Fees,$922.03,Adler & Associates Advocates
398,8/22/2023,Legal Fees,$792.69,Adler & Associates Advocates
399,3/27/2024,Travel,$461.93,Fahari Corporate Travel
400,6/13/2024,Travel,$45.14,Fahari Corporate Travel
401,5/30/2024,Legal Fees,$423.04,Adler & Associates Advocates
402,9/22/2023,Legal Fees,$249.65,Nyota Legal Consultants
403,1/23/2024,Office supplies,$353.91,Lenana Office Solutions
404,11/18/2023,Utilities,$794.99,Kestrel Power (Electricity)
405,9/9/2023,Utilities,$312.79,Simba Internet Ltd. (Internet Service Provider)
406,10/14/2023,Legal Fees,$384.95,Adler & Associates Advocates
407,2/24/2024,Office supplies,$67.14,Faniki Cartridges & Toners
408,4/16/2024,Travel,$126.70,Fahari Corporate Travel
409,2/4/2024,Utilities,$188.05,Maji Bora Water Company (Water)
410,11/18/2023,Travel,$429.88,Fahari Corporate Travel
411,8/20/2023,Travel,$955.97,Wilderness Wanderer Tours & Safaris
412,7/12/2023,Legal Fees,$911.10,Nyota Legal Consultants
413,3/19/2024,Legal Fees,$704.36,Adler & Associates Advocates
414,10/8/2023,Travel,$44.25,Safari Bookings Kenya
415,4/27/2024,Travel,$185.16,Wilderness Wanderer Tours & Safaris
416,9/23/2023,Utilities,$499.49,Kestrel Power (Electricity)
417,1/12/2024,Travel,$452.66,Safari Bookings Kenya
418,5/6/2024,Travel,$963.27,Fahari Corporate Travel
419,2/4/2024,Office supplies,$567.75,Jambo Stationery Supplies Ltd
420,12/21/2023,Office supplies,$654.43,Lenana Office Solutions
421,5/9/2024,Office supplies,$219.23,Jambo Stationery Supplies Ltd
422,10/21/2023,Office supplies,$825.70,Lenana Office Solutions
423,5/9/2024,Travel,$964.26,Fahari Corporate Travel
424,2/18/2024,Office supplies,$592.19,Faniki Cartridges & Toners
425,12/26/2023,Legal Fees,$451.54,Adler & Associates Advocates
426,11/5/2023,Travel,$614.84,Safari Bookings Kenya
427,7/27/2023,Utilities,$934.11,Maji Bora Water Company (Water)
428,12/25/2023,Utilities,$506.18,Maji Bora Water Company (Water)
429,3/2/2024,Office supplies,$120.95,Faniki Cartridges & Toners
430,5/26/2024,Office supplies,$194.65,Jambo Stationery Supplies Ltd
431,3/2/2024,Legal Fees,$720.21,Nyota Legal Consultants
432,2/18/2024,Office supplies,$70.85,Jambo Stationery Supplies Ltd
433,4/10/2024,Legal Fees,$981.41,Nyota Legal Consultants
434,2/12/2024,Utilities,$951.85,Maji Bora Water Company (Water)
435,5/15/2024,Office supplies,$735.69,Jambo Stationery Supplies Ltd
436,7/2/2023,Legal Fees,$628.75,Harambee Law Chambers
437,10/14/2023,Utilities,$840.57,Simba Internet Ltd. (Internet Service Provider)
438,3/9/2024,Legal Fees,$859.72,Adler & Associates Advocates
439,3/21/2024,Utilities,$699.81,Maji Bora Water Company (Water)
440,7/10/2023,Travel,$583.04,Wilderness Wanderer Tours & Safaris
441,9/10/2023,Travel,$924.64,Wilderness Wanderer Tours & Safaris
442,8/27/2023,Utilities,$293.30,Kestrel Power (Electricity)
443,3/30/2024,Legal Fees,$23.73,Nyota Legal Consultants
444,3/15/2024,Legal Fees,$855.99,Adler & Associates Advocates
445,3/24/2024,Utilities,$432.69,Simba Internet Ltd. (Internet Service Provider)
446,7/6/2023,Office supplies,$332.55,Faniki Cartridges & Toners
447,3/8/2024,Travel,$523.13,Fahari Corporate Travel
448,1/14/2024,Legal Fees,$327.22,Harambee Law Chambers
449,11/18/2023,Travel,$504.05,Safari Bookings Kenya
450,1/20/2024,Travel,$160.46,Wilderness Wanderer Tours & Safaris
451,6/10/2024,Utilities,$571.29,Maji Bora Water Company (Water)
452,2/23/2024,Travel,$513.30,Wilderness Wanderer Tours & Safaris
453,5/7/2024,Travel,$461.52,Fahari Corporate Travel
454,11/6/2023,Utilities,$846.09,Simba Internet Ltd. (Internet Service Provider)
455,7/7/2023,Utilities,$622.98,Maji Bora Water Company (Water)
456,3/26/2024,Travel,$623.76,Wilderness Wanderer Tours & Safaris
457,3/22/2024,Travel,$184.83,Fahari Corporate Travel
458,11/8/2023,Office supplies,$478.14,Jambo Stationery Supplies Ltd
459,8/19/2023,Utilities,$465.65,Kestrel Power (Electricity)
460,4/25/2024,Utilities,$561.46,Kestrel Power (Electricity)
461,3/26/2024,Travel,$371.64,Wilderness Wanderer Tours & Safaris
462,5/24/2024,Legal Fees,$764.41,Adler & Associates Advocates
463,3/11/2024,Office supplies,$139.95,Faniki Cartridges & Toners
464,6/1/2024,Utilities,$180.42,Maji Bora Water Company (Water)
465,9/11/2023,Travel,$243.15,Fahari Corporate Travel
466,1/29/2024,Legal Fees,$100.62,Harambee Law Chambers
467,7/27/2023,Office supplies,$23.68,Jambo Stationery Supplies Ltd
468,7/12/2023,Utilities,$796.08,Maji Bora Water Company (Water)
469,7/24/2023,Travel,$280.83,Fahari Corporate Travel
470,8/18/2023,Utilities,$52.59,Kestrel Power (Electricity)
471,3/23/2024,Legal Fees,$743.16,Harambee Law Chambers
472,3/10/2024,Office supplies,$439.00,Jambo Stationery Supplies Ltd
473,6/14/2023,Legal Fees,$800.90,Adler & Associates Advocates
474,9/26/2023,Utilities,$101.92,Simba Internet Ltd. (Internet Service Provider)
475,8/12/2023,Legal Fees,$468.12,Harambee Law Chambers
476,3/21/2024,Utilities,$915.19,Maji Bora Water Company (Water)
477,5/3/2024,Legal Fees,$826.77,Harambee Law Chambers
478,3/20/2024,Office supplies,$597.81,Faniki Cartridges & Toners
479,12/14/2023,Utilities,$573.28,Maji Bora Water Company (Water)
480,4/11/2024,Utilities,$332.38,Simba Internet Ltd. (Internet Service Provider)
481,3/9/2024,Office supplies,$552.59,Lenana Office Solutions
482,6/6/2024,Utilities,$344.40,Kestrel Power (Electricity)
483,5/10/2024,Travel,$191.43,Fahari Corporate Travel
484,9/1/2023,Utilities,$797.63,Simba Internet Ltd. (Internet Service Provider)
485,9/10/2023,Travel,$911.57,Safari Bookings Kenya
486,8/8/2023,Legal Fees,$568.38,Harambee Law Chambers
487,1/14/2024,Office supplies,$563.26,Faniki Cartridges & Toners
488,1/2/2024,Travel,$416.16,Fahari Corporate Travel
489,12/7/2023,Office supplies,$103.31,Faniki Cartridges & Toners
490,12/26/2023,Office supplies,$141.99,Faniki Cartridges & Toners
491,5/4/2024,Legal Fees,$863.69,Harambee Law Chambers
492,11/30/2023,Travel,$566.67,Wilderness Wanderer Tours & Safaris
493,10/12/2023,Travel,$45.75,Safari Bookings Kenya
494,1/8/2024,Utilities,$372.09,Kestrel Power (Electricity)
495,7/14/2023,Travel,$455.25,Fahari Corporate Travel
496,12/17/2023,Travel,$655.40,Wilderness Wanderer Tours & Safaris
497,3/21/2024,Office supplies,$597.05,Lenana Office Solutions
498,10/24/2023,Office supplies,$115.69,Faniki Cartridges & Toners
499,3/18/2024,Office supplies,$202.91,Jambo Stationery Supplies Ltd
500,12/31/2023,Office supplies,$610.00,Faniki Cartridges & Toners
501,9/28/2023,Travel,$117.65,Wilderness Wanderer Tours & Safaris
502,11/10/2023,Travel,$129.54,Safari Bookings Kenya
503,8/6/2023,Travel,$518.37,Wilderness Wanderer Tours & Safaris
504,2/11/2024,Utilities,$53.19,Simba Internet Ltd. (Internet Service Provider)
505,3/24/2024,Utilities,$315.67,Kestrel Power (Electricity)
506,3/11/2024,Office supplies,$166.32,Faniki Cartridges & Toners
507,1/10/2024,Travel,$790.73,Safari Bookings Kenya
508,8/31/2023,Utilities,$262.01,Kestrel Power (Electricity)
509,12/29/2023,Utilities,$889.08,Simba Internet Ltd. (Internet Service Provider)
510,7/8/2023,Travel,$693.29,Safari Bookings Kenya
511,1/16/2024,Office supplies,$637.25,Faniki Cartridges & Toners
512,12/30/2023,Office supplies,$732.79,Lenana Office Solutions
513,1/7/2024,Legal Fees,$309.50,Adler & Associates Advocates
514,8/14/2023,Office supplies,$358.87,Jambo Stationery Supplies Ltd
515,9/24/2023,Legal Fees,$932.65,Nyota Legal Consultants
516,5/26/2024,Legal Fees,$416.98,Harambee Law Chambers
517,11/1/2023,Office supplies,$603.68,Lenana Office Solutions
518,3/20/2024,Travel,$928.63,Safari Bookings Kenya
519,12/25/2023,Legal Fees,$727.05,Adler & Associates Advocates
520,4/12/2024,Office supplies,$478.37,Faniki Cartridges & Toners
521,6/15/2023,Legal Fees,$145.44,Adler & Associates Advocates
522,10/27/2023,Office supplies,$990.75,Lenana Office Solutions
523,8/1/2023,Office supplies,$669.99,Faniki Cartridges & Toners
524,12/1/2023,Travel,$98.11,Wilderness Wanderer Tours & Safaris
525,5/22/2024,Legal Fees,$170.89,Nyota Legal Consultants
526,5/18/2024,Travel,$232.10,Safari Bookings Kenya
527,8/3/2023,Office supplies,$90.07,Lenana Office Solutions
528,12/25/2023,Legal Fees,$24.28,Adler & Associates Advocates
529,4/12/2024,Utilities,$125.34,Kestrel Power (Electricity)
530,12/4/2023,Utilities,$194.71,Maji Bora Water Company (Water)
531,9/24/2023,Office supplies,$554.67,Lenana Office Solutions
532,2/15/2024,Office supplies,$219.43,Lenana Office Solutions
533,1/23/2024,Legal Fees,$942.42,Nyota Legal Consultants
534,9/9/2023,Travel,$548.99,Fahari Corporate Travel
535,12/8/2023,Utilities,$79.45,Simba Internet Ltd. (Internet Service Provider)
536,11/24/2023,Utilities,$379.38,Maji Bora Water Company (Water)
537,1/22/2024,Utilities,$250.22,Kestrel Power (Electricity)
538,5/7/2024,Legal Fees,$943.59,Adler & Associates Advocates
539,4/18/2024,Legal Fees,$263.75,Adler & Associates Advocates
540,4/2/2024,Utilities,$318.20,Simba Internet Ltd. (Internet Service Provider)
541,6/9/2024,Legal Fees,$842.81,Nyota Legal Consultants
542,10/3/2023,Office supplies,$597.59,Jambo Stationery Supplies Ltd
543,7/1/2023,Legal Fees,$742.47,Nyota Legal Consultants
544,12/15/2023,Utilities,$459.26,Simba Internet Ltd. (Internet Service Provider)
545,12/19/2023,Utilities,$684.37,Simba Internet Ltd. (Internet Service Provider)
546,7/23/2023,Legal Fees,$10.98,Nyota Legal Consultants
547,4/15/2024,Travel,$309.79,Safari Bookings Kenya
548,10/4/2023,Utilities,$889.63,Maji Bora Water Company (Water)
549,2/4/2024,Utilities,$750.28,Maji Bora Water Company (Water)
550,6/24/2023,Legal Fees,$236.81,Harambee Law Chambers
551,4/16/2024,Travel,$910.08,Fahari Corporate Travel
552,3/10/2024,Legal Fees,$138.73,Nyota Legal Consultants
553,5/12/2024,Travel,$174.32,Wilderness Wanderer Tours & Safaris
554,3/19/2024,Travel,$147.65,Wilderness Wanderer Tours & Safaris
555,5/4/2024,Office supplies,$88.71,Lenana Office Solutions
556,12/6/2023,Utilities,$910.55,Simba Internet Ltd. (Internet Service Provider)
557,9/11/2023,Travel,$260.94,Wilderness Wanderer Tours & Safaris
558,12/14/2023,Travel,$421.49,Wilderness Wanderer Tours & Safaris
559,7/7/2023,Utilities,$755.27,Simba Internet Ltd. (Internet Service Provider)
560,3/14/2024,Legal Fees,$838.66,Nyota Legal Consultants
561,3/12/2024,Travel,$538.15,Wilderness Wanderer Tours & Safaris
562,3/28/2024,Legal Fees,$722.15,Nyota Legal Consultants
563,11/6/2023,Travel,$269.36,Wilderness Wanderer Tours & Safaris
564,6/21/2023,Travel,$646.69,Fahari Corporate Travel
565,3/31/2024,Utilities,$461.94,Maji Bora Water Company (Water)
566,10/16/2023,Legal Fees,$160.90,Adler & Associates Advocates
567,12/17/2023,Legal Fees,$774.60,Nyota Legal Consultants
568,7/10/2023,Utilities,$18.00,Simba Internet Ltd. (Internet Service Provider)
569,9/23/2023,Travel,$826.76,Wilderness Wanderer Tours & Safaris
570,6/25/2023,Office supplies,$659.55,Jambo Stationery Supplies Ltd
571,11/9/2023,Travel,$854.57,Safari Bookings Kenya
572,1/30/2024,Office supplies,$784.72,Faniki Cartridges & Toners
573,8/27/2023,Travel,$791.78,Wilderness Wanderer Tours & Safaris
574,9/9/2023,Travel,$964.84,Safari Bookings Kenya
575,3/1/2024,Office supplies,$823.94,Lenana Office Solutions
576,1/28/2024,Utilities,$347.21,Kestrel Power (Electricity)
577,4/13/2024,Travel,$473.51,Safari Bookings Kenya
578,7/8/2023,Utilities,$999.59,Simba Internet Ltd. (Internet Service Provider)
579,6/21/2023,Office supplies,$965.73,Jambo Stationery Supplies Ltd
580,7/3/2023,Travel,$242.24,Wilderness Wanderer Tours & Safaris
581,3/15/2024,Travel,$941.42,Fahari Corporate Travel
582,11/19/2023,Travel,$856.49,Safari Bookings Kenya
583,10/29/2023,Utilities,$980.74,Kestrel Power (Electricity)
584,10/20/2023,Travel,$622.11,Wilderness Wanderer Tours & Safaris
585,11/30/2023,Travel,$328.38,Fahari Corporate Travel
586,10/20/2023,Utilities,$225.60,Maji Bora Water Company (Water)
587,3/20/2024,Travel,$768.46,Wilderness Wanderer Tours & Safaris
588,5/26/2024,Legal Fees,$386.43,Nyota Legal Consultants
589,10/4/2023,Utilities,$324.91,Maji Bora Water Company (Water)
590,5/24/2024,Legal Fees,$966.34,Harambee Law Chambers
591,7/22/2023,Travel,$135.49,Fahari Corporate Travel
592,4/7/2024,Legal Fees,$117.18,Nyota Legal Consultants
593,8/1/2023,Legal Fees,$60.64,Adler & Associates Advocates
594,6/25/2023,Utilities,$814.62,Maji Bora Water Company (Water)
595,5/27/2024,Utilities,$898.57,Kestrel Power (Electricity)
596,3/27/2024,Travel,$484.37,Wilderness Wanderer Tours & Safaris
597,2/21/2024,Office supplies,$476.91,Jambo Stationery Supplies Ltd
598,8/18/2023,Utilities,$713.61,Maji Bora Water Company (Water)
599,3/7/2024,Travel,$721.80,Fahari Corporate Travel
600,8/5/2023,Utilities,$602.10,Maji Bora Water Company (Water)
601,6/14/2023,Utilities,$307.24,Simba Internet Ltd. (Internet Service Provider)
602,2/20/2024,Office supplies,$726.29,Lenana Office Solutions
603,11/2/2023,Legal Fees,$226.47,Nyota Legal Consultants
604,1/29/2024,Travel,$148.26,Fahari Corporate Travel
605,11/29/2023,Travel,$244.55,Safari Bookings Kenya
606,12/17/2023,Travel,$639.56,Safari Bookings Kenya
607,4/10/2024,Office supplies,$179.61,Faniki Cartridges & Toners
608,4/14/2024,Legal Fees,$920.22,Nyota Legal Consultants
609,10/28/2023,Utilities,$278.73,Simba Internet Ltd. (Internet Service Provider)
610,2/28/2024,Office supplies,$639.06,Jambo Stationery Supplies Ltd
611,5/29/2024,Travel,$66.89,Fahari Corporate Travel
612,7/3/2023,Travel,$619.50,Safari Bookings Kenya
613,1/18/2024,Travel,$697.01,Safari Bookings Kenya
614,1/27/2024,Legal Fees,$824.90,Harambee Law Chambers
615,7/8/2023,Utilities,$806.31,Maji Bora Water Company (Water)
616,10/8/2023,Travel,$606.03,Fahari Corporate Travel
617,12/15/2023,Utilities,$94.69,Maji Bora Water Company (Water)
618,6/11/2024,Travel,$676.62,Safari Bookings Kenya
619,12/20/2023,Travel,$258.70,Wilderness Wanderer Tours & Safaris
620,3/7/2024,Utilities,$649.66,Maji Bora Water Company (Water)
621,4/14/2024,Legal Fees,$630.79,Adler & Associates Advocates
622,6/5/2024,Travel,$424.53,Wilderness Wanderer Tours & Safaris
623,11/14/2023,Office supplies,$467.14,Jambo Stationery Supplies Ltd
624,1/26/2024,Legal Fees,$868.54,Harambee Law Chambers
625,10/21/2023,Legal Fees,$934.11,Nyota Legal Consultants
626,7/26/2023,Office supplies,$241.77,Faniki Cartridges & Toners
627,8/29/2023,Travel,$480.73,Fahari Corporate Travel
628,10/14/2023,Utilities,$602.50,Kestrel Power (Electricity)
629,3/14/2024,Office supplies,$39.24,Jambo Stationery Supplies Ltd
630,3/25/2024,Office supplies,$574.17,Jambo Stationery Supplies Ltd
631,3/3/2024,Legal Fees,$866.23,Harambee Law Chambers
632,7/13/2023,Travel,$407.47,Fahari Corporate Travel
633,8/19/2023,Travel,$78.63,Safari Bookings Kenya
634,3/25/2024,Office supplies,$342.55,Jambo Stationery Supplies Ltd
635,2/12/2024,Travel,$220.60,Wilderness Wanderer Tours & Safaris
636,4/17/2024,Legal Fees,$122.10,Adler & Associates Advocates
637,10/12/2023,Office supplies,$874.07,Jambo Stationery Supplies Ltd
638,4/7/2024,Office supplies,$242.45,Lenana Office Solutions
639,3/28/2024,Legal Fees,$666.53,Harambee Law Chambers
640,3/24/2024,Travel,$199.96,Fahari Corporate Travel
641,2/22/2024,Office supplies,$760.86,Jambo Stationery Supplies Ltd
642,3/16/2024,Travel,$636.12,Fahari Corporate Travel
643,3/12/2024,Legal Fees,$46.12,Nyota Legal Consultants
644,8/4/2023,Office supplies,$768.74,Lenana Office Solutions
645,6/22/2023,Office supplies,$35.71,Lenana Office Solutions
646,4/24/2024,Office supplies,$610.82,Faniki Cartridges & Toners
647,11/11/2023,Legal Fees,$396.40,Harambee Law Chambers
648,2/9/2024,Legal Fees,$702.39,Harambee Law Chambers
649,5/25/2024,Office supplies,$837.43,Jambo Stationery Supplies Ltd
650,9/23/2023,Utilities,$587.90,Simba Internet Ltd. (Internet Service Provider)
651,2/25/2024,Utilities,$56.17,Kestrel Power (Electricity)
652,4/16/2024,Utilities,$290.01,Simba Internet Ltd. (Internet Service Provider)
653,8/6/2023,Travel,$633.97,Wilderness Wanderer Tours & Safaris
654,10/5/2023,Legal Fees,$431.75,Nyota Legal Consultants
655,10/26/2023,Legal Fees,$225.54,Nyota Legal Consultants
656,2/22/2024,Office supplies,$815.05,Faniki Cartridges & Toners
657,3/21/2024,Office supplies,$623.70,Jambo Stationery Supplies Ltd
658,7/17/2023,Utilities,$558.39,Simba Internet Ltd. (Internet Service Provider)
659,10/16/2023,Utilities,$708.12,Kestrel Power (Electricity)
660,5/26/2024,Legal Fees,$57.63,Adler & Associates Advocates
661,4/25/2024,Utilities,$968.51,Kestrel Power (Electricity)
662,4/19/2024,Travel,$451.14,Fahari Corporate Travel
663,7/26/2023,Utilities,$37.22,Kestrel Power (Electricity)
664,6/21/2023,Office supplies,$39.70,Jambo Stationery Supplies Ltd
665,3/30/2024,Office supplies,$916.98,Jambo Stationery Supplies Ltd
666,10/3/2023,Legal Fees,$955.40,Nyota Legal Consultants
667,12/23/2023,Legal Fees,$635.82,Adler & Associates Advocates
668,5/5/2024,Travel,$527.30,Wilderness Wanderer Tours & Safaris
669,3/31/2024,Legal Fees,$839.93,Nyota Legal Consultants
670,2/23/2024,Office supplies,$32.32,Jambo Stationery Supplies Ltd
671,11/15/2023,Office supplies,$726.23,Faniki Cartridges & Toners
672,8/1/2023,Travel,$280.71,Wilderness Wanderer Tours & Safaris
673,2/20/2024,Office supplies,$38.63,Faniki Cartridges & Toners
674,9/8/2023,Office supplies,$290.36,Jambo Stationery Supplies Ltd
675,11/18/2023,Utilities,$626.13,Simba Internet Ltd. (Internet Service Provider)
676,11/1/2023,Legal Fees,$26.34,Nyota Legal Consultants
677,1/18/2024,Travel,$355.26,Safari Bookings Kenya
678,7/31/2023,Office supplies,$499.06,Faniki Cartridges & Toners
679,4/1/2024,Utilities,$302.20,Kestrel Power (Electricity)
680,12/22/2023,Legal Fees,$889.73,Harambee Law Chambers
681,5/9/2024,Travel,$38.72,Fahari Corporate Travel
682,9/8/2023,Office supplies,$531.23,Lenana Office Solutions
683,3/21/2024,Legal Fees,$937.24,Harambee Law Chambers
684,5/25/2024,Travel,$369.59,Wilderness Wanderer Tours & Safaris
685,7/3/2023,Travel,$731.60,Wilderness Wanderer Tours & Safaris
686,11/22/2023,Travel,$732.29,Fahari Corporate Travel
687,6/4/2024,Legal Fees,$282.47,Harambee Law Chambers
688,7/19/2023,Travel,$527.11,Wilderness Wanderer Tours & Safaris
689,12/4/2023,Office supplies,$95.74,Faniki Cartridges & Toners
690,1/16/2024,Office supplies,$687.52,Lenana Office Solutions
691,7/11/2023,Office supplies,$255.44,Jambo Stationery Supplies Ltd
692,8/28/2023,Legal Fees,$314.45,Nyota Legal Consultants
693,3/18/2024,Office supplies,$944.78,Jambo Stationery Supplies Ltd
694,12/20/2023,Utilities,$112.68,Kestrel Power (Electricity)
695,5/8/2024,Travel,$632.10,Fahari Corporate Travel
696,10/1/2023,Legal Fees,$480.39,Adler & Associates Advocates
697,1/28/2024,Travel,$980.53,Wilderness Wanderer Tours & Safaris
698,11/14/2023,Legal Fees,$258.64,Nyota Legal Consultants
699,3/14/2024,Office supplies,$28.86,Faniki Cartridges & Toners
700,1/12/2024,Office supplies,$398.98,Lenana Office Solutions
701,7/10/2023,Travel,$21.77,Wilderness Wanderer Tours & Safaris
702,3/27/2024,Office supplies,$125.26,Lenana Office Solutions
703,1/27/2024,Utilities,$129.83,Kestrel Power (Electricity)
704,10/9/2023,Legal Fees,$578.97,Harambee Law Chambers
705,6/18/2023,Office supplies,$729.05,Lenana Office Solutions
706,10/25/2023,Travel,$499.19,Wilderness Wanderer Tours & Safaris
707,9/15/2023,Utilities,$161.87,Simba Internet Ltd. (Internet Service Provider)
708,6/19/2023,Office supplies,$502.39,Lenana Office Solutions
709,5/10/2024,Travel,$395.36,Wilderness Wanderer Tours & Safaris
710,2/12/2024,Utilities,$159.05,Maji Bora Water Company (Water)
711,2/24/2024,Legal Fees,$579.12,Adler & Associates Advocates
712,1/18/2024,Utilities,$893.84,Maji Bora Water Company (Water)
713,2/12/2024,Legal Fees,$64.46,Adler & Associates Advocates
714,11/12/2023,Legal Fees,$987.85,Harambee Law Chambers
715,2/9/2024,Utilities,$122.07,Simba Internet Ltd. (Internet Service Provider)
716,7/17/2023,Legal Fees,$77.63,Harambee Law Chambers
717,7/4/2023,Utilities,$277.55,Kestrel Power (Electricity)
718,3/22/2024,Travel,$945.67,Fahari Corporate Travel
719,3/27/2024,Utilities,$64.79,Maji Bora Water Company (Water)
720,3/16/2024,Utilities,$36.27,Simba Internet Ltd. (Internet Service Provider)
721,7/13/2023,Office supplies,$76.86,Lenana Office Solutions
722,4/17/2024,Travel,$237.42,Wilderness Wanderer Tours & Safaris
723,3/5/2024,Office supplies,$946.95,Faniki Cartridges & Toners
724,10/29/2023,Legal Fees,$265.89,Harambee Law Chambers
725,7/26/2023,Legal Fees,$178.71,Adler & Associates Advocates
726,5/17/2024,Office supplies,$429.27,Faniki Cartridges & Toners
727,3/9/2024,Office supplies,$773.12,Jambo Stationery Supplies Ltd
728,7/15/2023,Legal Fees,$816.66,Harambee Law Chambers
729,7/12/2023,Office supplies,$405.52,Lenana Office Solutions
730,1/27/2024,Travel,$267.85,Fahari Corporate Travel
731,10/29/2023,Utilities,$948.65,Simba Internet Ltd. (Internet Service Provider)
732,9/20/2023,Travel,$771.87,Fahari Corporate Travel
733,4/23/2024,Utilities,$407.98,Simba Internet Ltd. (Internet Service Provider)
734,2/20/2024,Office supplies,$547.95,Faniki Cartridges & Toners
735,9/24/2023,Office supplies,$916.50,Jambo Stationery Supplies Ltd
736,10/4/2023,Utilities,$495.78,Maji Bora Water Company (Water)
737,3/17/2024,Office supplies,$258.34,Lenana Office Solutions
738,6/16/2023,Legal Fees,$337.73,Adler & Associates Advocates
739,1/30/2024,Legal Fees,$93.27,Nyota Legal Consultants
740,9/11/2023,Legal Fees,$770.61,Adler & Associates Advocates
741,7/30/2023,Travel,$260.78,Fahari Corporate Travel
742,10/1/2023,Legal Fees,$855.32,Harambee Law Chambers
743,1/19/2024,Utilities,$393.12,Maji Bora Water Company (Water)
744,1/28/2024,Utilities,$621.90,Maji Bora Water Company (Water)
745,9/22/2023,Utilities,$918.10,Kestrel Power (Electricity)
746,11/13/2023,Travel,$871.32,Wilderness Wanderer Tours & Safaris
747,11/20/2023,Office supplies,$17.73,Faniki Cartridges & Toners
748,6/2/2024,Utilities,$819.85,Maji Bora Water Company (Water)
749,12/28/2023,Utilities,$878.14,Simba Internet Ltd. (Internet Service Provider)
750,12/16/2023,Travel,$117.39,Fahari Corporate Travel
751,6/17/2023,Office supplies,$101.78,Faniki Cartridges & Toners
752,12/22/2023,Utilities,$551.86,Maji Bora Water Company (Water)
753,12/26/2023,Utilities,$141.45,Simba Internet Ltd. (Internet Service Provider)
754,7/15/2023,Utilities,$433.83,Simba Internet Ltd. (Internet Service Provider)
755,7/28/2023,Travel,$92.34,Wilderness Wanderer Tours & Safaris
756,7/12/2023,Office supplies,$498.99,Lenana Office Solutions
757,5/10/2024,Office supplies,$460.51,Faniki Cartridges & Toners
758,1/9/2024,Office supplies,$896.12,Jambo Stationery Supplies Ltd
759,8/7/2023,Travel,$362.58,Fahari Corporate Travel
760,2/19/2024,Legal Fees,$87.40,Nyota Legal Consultants
761,6/28/2023,Travel,$747.24,Safari Bookings Kenya
762,8/4/2023,Travel,$703.42,Wilderness Wanderer Tours & Safaris
763,5/26/2024,Legal Fees,$87.71,Adler & Associates Advocates
764,9/21/2023,Travel,$169.74,Safari Bookings Kenya
765,7/27/2023,Legal Fees,$732.64,Harambee Law Chambers
766,12/11/2023,Office supplies,$78.95,Faniki Cartridges & Toners
767,10/28/2023,Office supplies,$560.28,Faniki Cartridges & Toners
768,2/16/2024,Office supplies,$418.98,Lenana Office Solutions
769,1/31/2024,Travel,$848.78,Wilderness Wanderer Tours & Safaris
770,12/20/2023,Legal Fees,$970.09,Adler & Associates Advocates
771,11/26/2023,Office supplies,$944.09,Lenana Office Solutions
772,4/14/2024,Legal Fees,$501.90,Nyota Legal Consultants
773,9/29/2023,Office supplies,$655.00,Lenana Office Solutions
774,11/17/2023,Travel,$568.22,Safari Bookings Kenya
775,11/22/2023,Legal Fees,$942.50,Harambee Law Chambers
776,11/9/2023,Legal Fees,$779.86,Nyota Legal Consultants
777,1/2/2024,Travel,$89.63,Fahari Corporate Travel
778,11/17/2023,Travel,$638.54,Wilderness Wanderer Tours & Safaris
779,3/14/2024,Office supplies,$781.39,Faniki Cartridges & Toners
780,5/12/2024,Office supplies,$526.18,Jambo Stationery Supplies Ltd
781,6/19/2023,Office supplies,$713.47,Faniki Cartridges & Toners
782,9/29/2023,Office supplies,$58.89,Faniki Cartridges & Toners
783,4/9/2024,Office supplies,$35.14,Lenana Office Solutions
784,12/4/2023,Travel,$847.17,Fahari Corporate Travel
785,7/21/2023,Utilities,$696.83,Maji Bora Water Company (Water)
786,1/5/2024,Office supplies,$575.59,Faniki Cartridges & Toners
787,7/10/2023,Office supplies,$703.18,Lenana Office Solutions
788,5/14/2024,Utilities,$172.24,Simba Internet Ltd. (Internet Service Provider)
789,9/12/2023,Office supplies,$518.38,Jambo Stationery Supplies Ltd
790,9/19/2023,Travel,$543.09,Safari Bookings Kenya
791,1/29/2024,Legal Fees,$839.81,Adler & Associates Advocates
792,12/25/2023,Legal Fees,$773.49,Adler & Associates Advocates
793,4/14/2024,Office supplies,$914.92,Lenana Office Solutions
794,11/17/2023,Legal Fees,$727.73,Adler & Associates Advocates
795,1/2/2024,Utilities,$879.99,Simba Internet Ltd. (Internet Service Provider)
796,1/8/2024,Utilities,$943.85,Kestrel Power (Electricity)
797,4/15/2024,Utilities,$799.31,Simba Internet Ltd. (Internet Service Provider)
798,3/18/2024,Office supplies,$180.72,Jambo Stationery Supplies Ltd
799,2/5/2024,Utilities,$570.92,Maji Bora Water Company (Water)
800,6/7/2024,Legal Fees,$740.79,Nyota Legal Consultants
801,3/30/2024,Utilities,$880.63,Simba Internet Ltd. (Internet Service Provider)
802,3/13/2024,Travel,$460.80,Fahari Corporate Travel
803,9/3/2023,Office supplies,$539.20,Lenana Office Solutions
804,5/26/2024,Travel,$777.76,Safari Bookings Kenya
805,10/11/2023,Legal Fees,$374.38,Nyota Legal Consultants
806,8/3/2023,Travel,$784.12,Wilderness Wanderer Tours & Safaris
807,6/16/2023,Legal Fees,$897.73,Nyota Legal Consultants
808,3/1/2024,Travel,$614.44,Safari Bookings Kenya
809,1/4/2024,Office supplies,$170.29,Jambo Stationery Supplies Ltd
810,8/22/2023,Legal Fees,$622.93,Adler & Associates Advocates
811,6/23/2023,Travel,$603.41,Fahari Corporate Travel
812,6/22/2023,Utilities,$805.58,Kestrel Power (Electricity)
813,8/3/2023,Travel,$483.44,Fahari Corporate Travel
814,12/24/2023,Travel,$53.24,Fahari Corporate Travel
815,5/27/2024,Legal Fees,$420.57,Nyota Legal Consultants
816,2/23/2024,Office supplies,$29.22,Lenana Office Solutions
817,9/21/2023,Legal Fees,$637.37,Harambee Law Chambers
818,10/22/2023,Office supplies,$980.12,Jambo Stationery Supplies Ltd
819,8/11/2023,Legal Fees,$61.01,Harambee Law Chambers
820,9/15/2023,Office supplies,$249.63,Faniki Cartridges & Toners
821,10/1/2023,Travel,$715.47,Wilderness Wanderer Tours & Safaris
822,11/23/2023,Legal Fees,$510.63,Nyota Legal Consultants
823,3/4/2024,Travel,$658.83,Safari Bookings Kenya
824,12/18/2023,Travel,$34.25,Wilderness Wanderer Tours & Safaris
825,7/18/2023,Travel,$809.75,Wilderness Wanderer Tours & Safaris
826,2/17/2024,Legal Fees,$314.77,Nyota Legal Consultants
827,11/30/2023,Utilities,$724.02,Kestrel Power (Electricity)
828,11/23/2023,Office supplies,$299.09,Faniki Cartridges & Toners
829,1/5/2024,Office supplies,$568.77,Lenana Office Solutions
830,5/1/2024,Travel,$434.43,Safari Bookings Kenya
831,9/11/2023,Utilities,$686.84,Maji Bora Water Company (Water)
832,6/30/2023,Legal Fees,$346.28,Harambee Law Chambers
833,10/27/2023,Utilities,$433.26,Maji Bora Water Company (Water)
834,6/4/2024,Utilities,$174.89,Maji Bora Water Company (Water)
835,8/10/2023,Travel,$284.07,Safari Bookings Kenya
836,10/15/2023,Legal Fees,$255.73,Adler & Associates Advocates
837,1/28/2024,Legal Fees,$927.95,Harambee Law Chambers
838,7/7/2023,Travel,$556.60,Fahari Corporate Travel
839,3/1/2024,Office supplies,$940.41,Lenana Office Solutions
840,1/5/2024,Office supplies,$546.00,Faniki Cartridges & Toners
841,4/20/2024,Office supplies,$656.26,Lenana Office Solutions
842,7/13/2023,Office supplies,$885.99,Lenana Office Solutions
843,7/22/2023,Legal Fees,$494.86,Adler & Associates Advocates
844,7/3/2023,Travel,$808.45,Wilderness Wanderer Tours & Safaris
845,12/12/2023,Legal Fees,$708.84,Adler & Associates Advocates
846,7/28/2023,Office supplies,$112.67,Jambo Stationery Supplies Ltd
847,9/24/2023,Legal Fees,$215.00,Nyota Legal Consultants
848,11/5/2023,Legal Fees,$250.58,Nyota Legal Consultants
849,6/11/2024,Legal Fees,$727.08,Nyota Legal Consultants
850,3/29/2024,Office supplies,$485.06,Jambo Stationery Supplies Ltd
851,10/1/2023,Utilities,$241.34,Simba Internet Ltd. (Internet Service Provider)
852,8/31/2023,Travel,$340.26,Wilderness Wanderer Tours & Safaris
853,8/2/2023,Legal Fees,$489.61,Nyota Legal Consultants
854,5/25/2024,Utilities,$827.71,Kestrel Power (Electricity)
855,9/30/2023,Legal Fees,$105.26,Nyota Legal Consultants
856,4/6/2024,Office supplies,$373.67,Lenana Office Solutions
857,5/4/2024,Utilities,$625.96,Simba Internet Ltd. (Internet Service Provider)
858,3/2/2024,Utilities,$666.92,Simba Internet Ltd. (Internet Service Provider)
859,3/16/2024,Travel,$36.57,Wilderness Wanderer Tours & Safaris
860,2/23/2024,Utilities,$308.75,Simba Internet Ltd. (Internet Service Provider)
861,4/22/2024,Office supplies,$297.70,Jambo Stationery Supplies Ltd
862,7/28/2023,Legal Fees,$779.85,Nyota Legal Consultants
863,8/28/2023,Legal Fees,$282.09,Nyota Legal Consultants
864,10/4/2023,Travel,$522.11,Fahari Corporate Travel
865,8/29/2023,Travel,$164.53,Wilderness Wanderer Tours & Safaris
866,6/16/2023,Utilities,$817.52,Simba Internet Ltd. (Internet Service Provider)
867,6/26/2023,Utilities,$616.19,Kestrel Power (Electricity)
868,10/7/2023,Legal Fees,$820.02,Adler & Associates Advocates
869,6/11/2024,Travel,$107.59,Fahari Corporate Travel
870,2/11/2024,Utilities,$181.63,Simba Internet Ltd. (Internet Service Provider)
871,9/27/2023,Utilities,$239.85,Simba Internet Ltd. (Internet Service Provider)
872,12/11/2023,Utilities,$238.38,Simba Internet Ltd. (Internet Service Provider)
873,4/8/2024,Utilities,$578.61,Simba Internet Ltd. (Internet Service Provider)
874,10/29/2023,Office supplies,$751.59,Jambo Stationery Supplies Ltd
875,12/1/2023,Travel,$809.18,Safari Bookings Kenya
876,12/2/2023,Office supplies,$93.85,Jambo Stationery Supplies Ltd
877,1/13/2024,Legal Fees,$269.35,Harambee Law Chambers
878,11/10/2023,Utilities,$247.86,Maji Bora Water Company (Water)
879,8/31/2023,Legal Fees,$672.98,Adler & Associates Advocates
880,7/20/2023,Legal Fees,$999.97,Adler & Associates Advocates
881,2/16/2024,Travel,$788.42,Safari Bookings Kenya
882,8/28/2023,Office supplies,$841.20,Faniki Cartridges & Toners
883,10/6/2023,Travel,$456.60,Wilderness Wanderer Tours & Safaris
884,6/27/2023,Travel,$673.08,Fahari Corporate Travel
885,10/24/2023,Office supplies,$205.10,Lenana Office Solutions
886,4/18/2024,Legal Fees,$378.90,Adler & Associates Advocates
887,5/16/2024,Office supplies,$861.85,Jambo Stationery Supplies Ltd
888,12/19/2023,Utilities,$919.76,Kestrel Power (Electricity)
889,4/20/2024,Utilities,$230.69,Kestrel Power (Electricity)
890,4/18/2024,Office supplies,$466.25,Faniki Cartridges & Toners
891,1/13/2024,Travel,$829.06,Safari Bookings Kenya
892,8/5/2023,Utilities,$117.62,Simba Internet Ltd. (Internet Service Provider)
893,6/9/2024,Legal Fees,$602.16,Harambee Law Chambers
894,9/20/2023,Utilities,$464.77,Simba Internet Ltd. (Internet Service Provider)
895,12/19/2023,Legal Fees,$161.84,Adler & Associates Advocates
896,9/20/2023,Legal Fees,$802.26,Harambee Law Chambers
897,11/29/2023,Travel,$875.66,Safari Bookings Kenya
898,7/14/2023,Legal Fees,$562.29,Adler & Associates Advocates
899,1/17/2024,Office supplies,$626.13,Jambo Stationery Supplies Ltd
900,9/16/2023,Utilities,$248.69,Simba Internet Ltd. (Internet Service Provider)
901,4/12/2024,Utilities,$778.20,Simba Internet Ltd. (Internet Service Provider)
902,1/30/2024,Utilities,$445.45,Simba Internet Ltd. (Internet Service Provider)
903,12/22/2023,Utilities,$884.89,Simba Internet Ltd. (Internet Service Provider)
904,8/28/2023,Travel,$800.80,Wilderness Wanderer Tours & Safaris
905,6/14/2023,Office supplies,$59.80,Faniki Cartridges & Toners
906,5/2/2024,Travel,$29.59,Safari Bookings Kenya
907,7/29/2023,Legal Fees,$393.77,Adler & Associates Advocates
908,4/7/2024,Office supplies,$553.33,Lenana Office Solutions
909,3/9/2024,Utilities,$949.29,Simba Internet Ltd. (Internet Service Provider)
910,5/2/2024,Legal Fees,$214.73,Harambee Law Chambers
911,11/7/2023,Office supplies,$909.35,Jambo Stationery Supplies Ltd
912,7/26/2023,Legal Fees,$581.32,Harambee Law Chambers
913,8/15/2023,Travel,$225.60,Safari Bookings Kenya
914,7/29/2023,Legal Fees,$615.55,Nyota Legal Consultants
915,10/7/2023,Office supplies,$232.17,Faniki Cartridges & Toners
916,6/16/2023,Office supplies,$597.77,Lenana Office Solutions
917,11/21/2023,Utilities,$622.21,Maji Bora Water Company (Water)
918,6/25/2023,Office supplies,$692.22,Faniki Cartridges & Toners
919,2/18/2024,Travel,$805.29,Safari Bookings Kenya
920,8/15/2023,Office supplies,$887.55,Lenana Office Solutions
921,9/23/2023,Utilities,$808.74,Maji Bora Water Company (Water)
922,12/14/2023,Legal Fees,$611.06,Harambee Law Chambers
923,6/3/2024,Legal Fees,$488.64,Harambee Law Chambers
924,2/5/2024,Travel,$25.81,Wilderness Wanderer Tours & Safaris
925,12/5/2023,Travel,$437.74,Safari Bookings Kenya
926,7/24/2023,Utilities,$492.47,Simba Internet Ltd. (Internet Service Provider)
927,5/31/2024,Legal Fees,$559.01,Nyota Legal Consultants
928,9/29/2023,Office supplies,$142.93,Lenana Office Solutions
929,6/12/2024,Office supplies,$373.70,Lenana Office Solutions
930,7/28/2023,Utilities,$697.70,Kestrel Power (Electricity)
931,4/5/2024,Office supplies,$486.70,Lenana Office Solutions
932,5/5/2024,Utilities,$63.84,Simba Internet Ltd. (Internet Service Provider)
933,10/17/2023,Office supplies,$529.53,Faniki Cartridges & Toners
934,12/16/2023,Office supplies,$1.83,Jambo Stationery Supplies Ltd
935,7/26/2023,Office supplies,$981.72,Faniki Cartridges & Toners
936,8/10/2023,Utilities,$434.05,Simba Internet Ltd. (Internet Service Provider)
937,10/14/2023,Travel,$508.37,Wilderness Wanderer Tours & Safaris
938,12/26/2023,Travel,$794.94,Wilderness Wanderer Tours & Safaris
939,8/2/2023,Office supplies,$510.65,Lenana Office Solutions
940,5/27/2024,Utilities,$134.25,Maji Bora Water Company (Water)
941,1/14/2024,Legal Fees,$625.91,Adler & Associates Advocates
942,12/16/2023,Office supplies,$554.96,Faniki Cartridges & Toners
943,3/18/2024,Legal Fees,$673.22,Adler & Associates Advocates
944,4/22/2024,Travel,$810.54,Fahari Corporate Travel
945,5/20/2024,Legal Fees,$868.07,Adler & Associates Advocates
946,11/17/2023,Utilities,$280.33,Simba Internet Ltd. (Internet Service Provider)
947,1/31/2024,Legal Fees,$951.71,Adler & Associates Advocates
948,2/4/2024,Travel,$91.36,Fahari Corporate Travel
949,7/13/2023,Travel,$896.55,Wilderness Wanderer Tours & Safaris
950,10/25/2023,Travel,$203.92,Wilderness Wanderer Tours & Safaris
951,5/11/2024,Legal Fees,$612.81,Harambee Law Chambers
952,8/22/2023,Office supplies,$399.75,Jambo Stationery Supplies Ltd
953,6/6/2024,Travel,$225.17,Safari Bookings Kenya
954,1/7/2024,Travel,$214.43,Wilderness Wanderer Tours & Safaris
955,9/20/2023,Utilities,$665.77,Kestrel Power (Electricity)
956,5/31/2024,Utilities,$582.19,Simba Internet Ltd. (Internet Service Provider)
957,5/2/2024,Office supplies,$179.71,Jambo Stationery Supplies Ltd
958,2/28/2024,Office supplies,$34.51,Jambo Stationery Supplies Ltd
959,1/22/2024,Utilities,$788.76,Maji Bora Water Company (Water)
960,11/22/2023,Utilities,$226.45,Simba Internet Ltd. (Internet Service Provider)
961,1/16/2024,Travel,$73.73,Fahari Corporate Travel
962,6/26/2023,Utilities,$791.99,Kestrel Power (Electricity)
963,3/26/2024,Office supplies,$894.51,Lenana Office Solutions
964,2/9/2024,Utilities,$629.65,Simba Internet Ltd. (Internet Service Provider)
965,8/20/2023,Legal Fees,$620.21,Adler & Associates Advocates
966,11/30/2023,Utilities,$687.42,Maji Bora Water Company (Water)
967,12/30/2023,Travel,$854.67,Safari Bookings Kenya
968,8/17/2023,Office supplies,$391.81,Jambo Stationery Supplies Ltd
969,6/14/2023,Legal Fees,$720.97,Adler & Associates Advocates
970,10/28/2023,Travel,$678.73,Wilderness Wanderer Tours & Safaris
971,6/15/2023,Office supplies,$884.14,Faniki Cartridges & Toners
972,7/26/2023,Travel,$987.92,Wilderness Wanderer Tours & Safaris
973,12/21/2023,Legal Fees,$612.85,Nyota Legal Consultants
974,2/1/2024,Travel,$397.16,Safari Bookings Kenya
975,4/10/2024,Utilities,$191.80,Simba Internet Ltd. (Internet Service Provider)
976,7/7/2023,Office supplies,$407.88,Lenana Office Solutions
977,5/19/2024,Legal Fees,$414.55,Adler & Associates Advocates
978,7/20/2023,Travel,$161.76,Fahari Corporate Travel
979,1/10/2024,Office supplies,$107.04,Jambo Stationery Supplies Ltd
980,8/6/2023,Travel,$352.26,Wilderness Wanderer Tours & Safaris
981,2/25/2024,Office supplies,$164.10,Lenana Office Solutions
982,3/29/2024,Utilities,$658.91,Maji Bora Water Company (Water)
983,11/21/2023,Travel,$158.89,Fahari Corporate Travel
984,8/17/2023,Office supplies,$857.71,Jambo Stationery Supplies Ltd
985,2/15/2024,Office supplies,$319.17,Faniki Cartridges & Toners
986,5/18/2024,Travel,$85.02,Safari Bookings Kenya
987,6/3/2024,Travel,$682.17,Fahari Corporate Travel
988,12/20/2023,Legal Fees,$159.45,Adler & Associates Advocates
989,9/23/2023,Office supplies,$377.23,Faniki Cartridges & Toners
990,7/8/2023,Office supplies,$991.65,Lenana Office Solutions
991,10/14/2023,Office supplies,$359.40,Jambo Stationery Supplies Ltd
992,9/24/2023,Travel,$985.15,Wilderness Wanderer Tours & Safaris
993,4/18/2024,Travel,$664.16,Wilderness Wanderer Tours & Safaris
994,10/6/2023,Office supplies,$374.44,Lenana Office Solutions
995,6/14/2023,Travel,$691.95,Safari Bookings Kenya
996,10/10/2023,Travel,$460.30,Safari Bookings Kenya
997,6/6/2024,Travel,$638.52,Safari Bookings Kenya
998,7/16/2023,Travel,$999.27,Wilderness Wanderer Tours & Safaris
999,12/19/2023,Utilities,$257.62,Maji Bora Water Company (Water)
1000,6/22/2023,Legal Fees,$302.49,Harambee Law Chambers
