id,date,expense_category,amount,paid_to_account
1,25/09/2024,Marketing and Promotion,$3514.62,5.10E+15
2,29/09/2024,Coaching Staff Salaries,$5655.64,6.77E+17
3,6/9/2024,Coaching Staff Salaries,$4794.55,3.57E+15
4,22/10/2024,Marketing and Promotion,$706.24,5.10E+15
5,8/10/2024,Facilities Maintenance,$4159.77,3.56E+15
6,24/10/2024,Equipment,$9386.65,3.54E+15
7,3/7/2024,Player Salaries,$2951.93,3.58E+15
8,11/7/2024,Marketing and Promotion,$5289.96,3.57E+15
9,23/11/2024,Facilities Maintenance,$8747.18,6.71E+18
10,4/11/2024,Equipment,$5806.60,5.10E+15
11,10/8/2024,Facilities Maintenance,$3647.18,3.55E+15
12,15/07/2024,Administrative Costs,$1474.13,5.10E+15
13,13/10/2024,Coaching Staff Salaries,$4259.92,6.76E+16
14,14/11/2024,Player Salaries,$3227.69,5.60E+15
15,23/12/2024,Player Salaries,$8191.98,3.57E+15
16,21/10/2024,Equipment,$7858.08,3.54E+15
17,29/10/2024,Equipment,$9477.87,3.58E+15
18,11/6/2024,Coaching Staff Salaries,$6615.75,5.17E+15
19,22/12/2024,Coaching Staff Salaries,$690.39,3.53E+15
20,8/9/2024,Equipment,$1157.09,6.77E+16
21,27/12/2024,Coaching Staff Salaries,$3383.18,4.90E+15
22,20/06/2024,Marketing and Promotion,$1368.53,3.58E+15
23,2/9/2024,Equipment,$7057.53,6.33E+15
24,21/11/2024,Administrative Costs,$4481.86,5.21E+15
25,2/10/2024,Player Salaries,$7904.03,6.33E+17
26,14/08/2024,Equipment,$4792.86,3.58E+15
27,17/10/2024,Equipment,$4106.92,5.60E+15
28,8/12/2024,Facilities Maintenance,$7650.99,3.57E+15
29,22/07/2024,Equipment,$3314.40,4.91E+17
30,3/12/2024,Facilities Maintenance,$3037.24,4.04E+12
31,20/10/2024,Administrative Costs,$8242.16,3.56E+15
32,23/11/2024,Coaching Staff Salaries,$5466.00,3.74E+14
33,15/11/2024,Marketing and Promotion,$278.93,3.58E+15
34,5/10/2024,Marketing and Promotion,$5743.95,3.57E+15
35,14/09/2024,Player Salaries,$5259.62,6.40E+15
36,19/12/2024,Coaching Staff Salaries,$8213.84,4.03E+15
37,31/10/2024,Marketing and Promotion,$343.53,5.60E+15
38,7/6/2024,Equipment,$8398.36,3.59E+15
39,16/06/2024,Marketing and Promotion,$3174.52,5.43E+15
40,6/10/2024,Facilities Maintenance,$3295.80,6.04E+17
41,25/07/2024,Equipment,$7876.98,3.59E+15
42,29/12/2024,Administrative Costs,$2174.40,3.57E+15
43,27/11/2024,Marketing and Promotion,$3990.06,5.42E+15
44,1/10/2024,Facilities Maintenance,$5579.95,4.90E+18
45,12/10/2024,Facilities Maintenance,$9130.92,2.02E+14
46,23/12/2024,Coaching Staff Salaries,$238.20,3.53E+15
47,17/12/2024,Player Salaries,$6420.86,3.67E+13
48,17/12/2024,Coaching Staff Salaries,$2579.90,3.53E+15
49,10/7/2024,Player Salaries,$9273.65,3.57E+15
50,5/11/2024,Player Salaries,$9261.56,3.58E+15
51,14/12/2024,Marketing and Promotion,$6274.95,3.58E+15
52,15/08/2024,Player Salaries,$5305.73,6.76E+17
53,13/07/2024,Marketing and Promotion,$2468.27,3.58E+15
54,3/1/2025,Equipment,$8317.02,3.56E+15
55,12/9/2024,Marketing and Promotion,$6458.63,3.54E+15
56,20/06/2024,Player Salaries,$8570.68,5.10E+15
57,25/12/2024,Player Salaries,$3105.64,3.55E+15
58,28/11/2024,Marketing and Promotion,$1147.30,3.01E+13
59,23/12/2024,Marketing and Promotion,$6200.38,2.01E+14
60,24/09/2024,Player Salaries,$9727.48,3.55E+15
61,5/9/2024,Equipment,$5030.16,5.05E+15
62,8/8/2024,Marketing and Promotion,$8102.04,3.55E+15
63,5/8/2024,Player Salaries,$9704.94,2.02E+14
64,26/06/2024,Equipment,$1597.37,3.03E+13
65,17/08/2024,Facilities Maintenance,$1484.73,5.45E+15
66,15/08/2024,Player Salaries,$4896.77,3.58E+15
67,27/07/2024,Marketing and Promotion,$9166.65,3.57E+15
68,26/10/2024,Facilities Maintenance,$9197.87,5.10E+15
69,19/12/2024,Player Salaries,$4082.38,3.59E+15
70,10/8/2024,Equipment,$8777.77,5.60E+15
71,19/09/2024,Equipment,$3356.34,4.84E+15
72,20/06/2024,Marketing and Promotion,$9696.53,3.58E+15
73,1/10/2024,Facilities Maintenance,$7438.39,4.04E+15
74,4/1/2025,Player Salaries,$6370.54,5.10E+15
75,7/9/2024,Administrative Costs,$2243.55,4.91E+17
76,28/09/2024,Player Salaries,$3343.96,3.56E+15
77,11/6/2024,Facilities Maintenance,$4418.27,5.60E+15
78,21/07/2024,Administrative Costs,$6804.77,3.56E+15
79,1/7/2024,Facilities Maintenance,$6096.21,3.56E+15
80,17/11/2024,Coaching Staff Salaries,$653.69,3.42E+14
81,25/07/2024,Administrative Costs,$8667.36,6.38E+15
82,1/7/2024,Equipment,$5860.55,3.54E+15
83,24/10/2024,Equipment,$6802.77,3.59E+15
84,20/12/2024,Facilities Maintenance,$7128.11,6.76E+18
85,11/8/2024,Marketing and Promotion,$3722.26,5.32E+15
86,21/08/2024,Administrative Costs,$4637.73,5.50E+15
87,7/6/2024,Administrative Costs,$5308.68,5.60E+15
88,10/9/2024,Marketing and Promotion,$8300.20,3.56E+15
89,26/09/2024,Marketing and Promotion,$4560.71,5.44E+15
90,20/08/2024,Player Salaries,$507.81,3.53E+15
91,6/1/2025,Coaching Staff Salaries,$8291.24,3.57E+15
92,2/11/2024,Player Salaries,$6391.03,6.37E+15
93,29/09/2024,Player Salaries,$7455.23,6.05E+14
94,26/08/2024,Administrative Costs,$3247.97,6.77E+18
95,26/11/2024,Player Salaries,$5451.82,5.04E+17
96,14/12/2024,Coaching Staff Salaries,$4452.73,6.76E+15
97,15/08/2024,Player Salaries,$1741.76,4.02E+12
98,22/09/2024,Marketing and Promotion,$3550.82,5.13E+15
99,7/7/2024,Player Salaries,$5312.60,4.01E+12
100,26/07/2024,Marketing and Promotion,$5513.69,3.59E+15
101,26/11/2024,Facilities Maintenance,$2261.10,3.03E+13
102,31/07/2024,Administrative Costs,$9460.00,6.71E+18
103,6/7/2024,Coaching Staff Salaries,$2431.97,2.02E+14
104,11/8/2024,Coaching Staff Salaries,$2284.69,3.58E+15
105,20/09/2024,Coaching Staff Salaries,$1809.52,3.53E+15
106,20/10/2024,Coaching Staff Salaries,$6134.15,6.38E+15
107,18/09/2024,Facilities Maintenance,$5494.39,5.32E+15
108,10/11/2024,Facilities Maintenance,$677.44,3.56E+15
109,17/09/2024,Administrative Costs,$6070.89,3.57E+15
110,3/12/2024,Administrative Costs,$6530.28,3.57E+15
111,10/7/2024,Administrative Costs,$2360.02,5.02E+17
112,20/08/2024,Equipment,$5320.57,5.10E+15
113,11/7/2024,Equipment,$3508.22,3.58E+15
114,30/07/2024,Player Salaries,$712.08,4.94E+18
115,31/07/2024,Facilities Maintenance,$5818.42,5.00E+15
116,30/08/2024,Marketing and Promotion,$3612.69,4.03E+15
117,15/10/2024,Marketing and Promotion,$5311.75,5.39E+15
118,1/1/2025,Administrative Costs,$632.39,3.65E+13
119,25/10/2024,Administrative Costs,$9560.09,6.37E+15
120,12/12/2024,Coaching Staff Salaries,$4343.79,4.98E+15
121,26/09/2024,Administrative Costs,$5933.64,5.01E+15
122,11/8/2024,Marketing and Promotion,$8442.03,4.04E+12
123,13/06/2024,Coaching Staff Salaries,$2336.99,5.10E+15
124,16/11/2024,Coaching Staff Salaries,$6831.59,5.10E+15
125,13/10/2024,Equipment,$6802.47,3.56E+15
126,7/8/2024,Player Salaries,$9144.32,5.29E+15
127,15/09/2024,Player Salaries,$5881.76,3.02E+13
128,25/07/2024,Player Salaries,$6585.95,3.58E+15
129,25/11/2024,Equipment,$290.32,5.00E+15
130,27/08/2024,Facilities Maintenance,$4475.62,3.53E+15
131,14/12/2024,Marketing and Promotion,$6927.18,3.58E+15
132,1/7/2024,Equipment,$830.03,4.41E+15
133,28/12/2024,Equipment,$6334.78,3.02E+13
134,19/11/2024,Marketing and Promotion,$6452.66,3.56E+15
135,24/06/2024,Coaching Staff Salaries,$1246.13,3.59E+15
136,5/11/2024,Facilities Maintenance,$5528.95,5.41E+15
137,9/7/2024,Equipment,$2412.11,6.76E+17
138,26/10/2024,Equipment,$2039.99,3.55E+15
139,31/10/2024,Player Salaries,$6909.21,3.58E+15
140,27/06/2024,Coaching Staff Salaries,$2430.08,3.54E+15
141,25/12/2024,Facilities Maintenance,$4874.26,3.54E+15
142,22/09/2024,Coaching Staff Salaries,$9100.07,3.54E+15
143,22/07/2024,Facilities Maintenance,$4878.55,5.02E+18
144,15/07/2024,Player Salaries,$8618.70,5.51E+15
145,25/07/2024,Facilities Maintenance,$4845.95,3.54E+15
146,28/11/2024,Administrative Costs,$4466.32,3.53E+15
147,21/07/2024,Marketing and Promotion,$1943.52,3.04E+13
148,24/06/2024,Coaching Staff Salaries,$8651.26,3.47E+14
149,14/10/2024,Marketing and Promotion,$3654.57,3.57E+15
150,9/8/2024,Facilities Maintenance,$8989.34,3.55E+15
151,11/6/2024,Marketing and Promotion,$7580.33,3.53E+15
152,17/07/2024,Marketing and Promotion,$5863.38,5.61E+17
153,6/10/2024,Player Salaries,$9346.19,3.56E+15
154,14/11/2024,Coaching Staff Salaries,$3285.94,3.53E+15
155,29/12/2024,Administrative Costs,$108.01,3.56E+15
156,31/10/2024,Marketing and Promotion,$1304.01,5.56E+15
157,15/12/2024,Administrative Costs,$4124.80,5.60E+15
158,30/11/2024,Marketing and Promotion,$8750.50,3.53E+15
159,4/12/2024,Player Salaries,$4151.57,4.92E+15
160,28/07/2024,Administrative Costs,$1950.26,3.59E+15
161,20/08/2024,Facilities Maintenance,$6898.02,6.76E+17
162,26/10/2024,Equipment,$4843.16,4.94E+15
163,18/11/2024,Facilities Maintenance,$117.68,3.54E+15
164,28/07/2024,Marketing and Promotion,$8275.36,3.54E+15
165,27/09/2024,Player Salaries,$4168.56,6.76E+18
166,5/9/2024,Marketing and Promotion,$5323.90,3.53E+15
167,2/7/2024,Player Salaries,$8891.08,6.77E+16
168,11/10/2024,Coaching Staff Salaries,$9886.58,3.56E+15
169,29/07/2024,Player Salaries,$1690.18,5.18E+15
170,28/10/2024,Equipment,$6455.33,3.55E+15
171,28/06/2024,Player Salaries,$2340.81,3.02E+13
172,8/11/2024,Player Salaries,$2081.00,5.01E+15
173,30/08/2024,Equipment,$7168.16,2.02E+14
174,8/8/2024,Facilities Maintenance,$8306.85,3.64E+13
175,18/09/2024,Marketing and Promotion,$550.90,5.60E+15
176,7/11/2024,Coaching Staff Salaries,$7919.02,3.53E+15
177,18/11/2024,Facilities Maintenance,$3893.51,5.00E+15
178,10/6/2024,Facilities Maintenance,$9028.06,5.02E+18
179,13/10/2024,Facilities Maintenance,$3351.45,3.55E+15
180,30/10/2024,Player Salaries,$3217.39,6.76E+18
181,16/09/2024,Coaching Staff Salaries,$4760.32,6.76E+18
182,27/09/2024,Administrative Costs,$3628.87,3.05E+13
183,28/12/2024,Facilities Maintenance,$5556.05,5.05E+15
184,28/10/2024,Administrative Costs,$8587.06,3.53E+15
185,7/10/2024,Coaching Staff Salaries,$4251.78,3.55E+15
186,23/12/2024,Facilities Maintenance,$8103.30,4.41E+15
187,3/10/2024,Equipment,$3144.59,3.74E+14
188,15/11/2024,Equipment,$8912.80,5.10E+15
189,9/8/2024,Facilities Maintenance,$8105.25,3.55E+15
190,29/07/2024,Marketing and Promotion,$5796.59,3.53E+15
191,21/08/2024,Equipment,$9760.97,3.54E+15
192,18/08/2024,Administrative Costs,$8925.86,3.56E+15
193,30/09/2024,Equipment,$8703.54,3.57E+15
194,19/10/2024,Coaching Staff Salaries,$8245.15,3.55E+15
195,5/9/2024,Marketing and Promotion,$3616.24,3.56E+15
196,23/08/2024,Equipment,$1215.93,3.58E+15
197,2/12/2024,Marketing and Promotion,$6947.28,3.56E+15
198,3/11/2024,Marketing and Promotion,$9874.38,3.58E+15
199,22/07/2024,Player Salaries,$7370.46,3.56E+15
200,30/08/2024,Equipment,$8626.12,6.77E+16
201,6/11/2024,Marketing and Promotion,$4169.90,5.10E+15
202,17/09/2024,Player Salaries,$1491.17,3.58E+15
203,28/09/2024,Player Salaries,$9023.30,3.45E+14
204,9/6/2024,Coaching Staff Salaries,$6795.62,6.40E+15
205,24/10/2024,Administrative Costs,$6734.79,6.71E+17
206,31/10/2024,Equipment,$7570.08,3.58E+15
207,17/11/2024,Coaching Staff Salaries,$2462.11,3.58E+15
208,16/06/2024,Marketing and Promotion,$3513.11,6.76E+17
209,23/12/2024,Facilities Maintenance,$5163.90,6.38E+15
210,20/07/2024,Coaching Staff Salaries,$7879.12,3.55E+15
211,17/11/2024,Coaching Staff Salaries,$6369.93,4.41E+15
212,31/12/2024,Equipment,$6290.63,5.55E+15
213,30/11/2024,Player Salaries,$4929.96,4.90E+15
214,9/11/2024,Player Salaries,$2096.40,3.55E+15
215,15/10/2024,Player Salaries,$5738.88,5.00E+15
216,1/10/2024,Administrative Costs,$5379.04,3.01E+13
217,30/09/2024,Coaching Staff Salaries,$827.68,3.54E+15
218,22/10/2024,Player Salaries,$5068.88,5.26E+15
219,18/12/2024,Equipment,$9975.62,3.59E+15
220,18/07/2024,Coaching Staff Salaries,$4122.16,3.56E+15
221,29/06/2024,Equipment,$6180.88,3.58E+15
222,28/11/2024,Player Salaries,$8732.56,3.48E+14
223,16/12/2024,Coaching Staff Salaries,$2481.10,3.53E+15
224,27/08/2024,Facilities Maintenance,$5464.36,3.54E+15
225,7/11/2024,Facilities Maintenance,$6741.19,3.55E+15
226,9/11/2024,Marketing and Promotion,$560.80,4.92E+15
227,11/11/2024,Facilities Maintenance,$953.81,3.57E+15
228,23/08/2024,Marketing and Promotion,$4482.33,3.04E+13
229,15/07/2024,Administrative Costs,$9068.09,3.54E+15
230,4/7/2024,Coaching Staff Salaries,$2739.95,3.56E+15
231,22/12/2024,Marketing and Promotion,$2612.26,3.57E+15
232,30/06/2024,Player Salaries,$9655.85,3.03E+13
233,5/8/2024,Administrative Costs,$1935.51,5.89E+17
234,4/12/2024,Player Salaries,$4022.57,6.33E+17
235,1/7/2024,Marketing and Promotion,$6202.80,3.56E+15
236,11/7/2024,Player Salaries,$736.71,3.59E+15
237,22/07/2024,Marketing and Promotion,$7201.70,5.11E+15
238,3/12/2024,Player Salaries,$5292.58,4.02E+15
239,17/06/2024,Administrative Costs,$3291.77,3.55E+15
240,28/11/2024,Marketing and Promotion,$6548.84,3.55E+15
241,28/10/2024,Marketing and Promotion,$2888.85,3.55E+15
242,3/12/2024,Coaching Staff Salaries,$2226.32,5.35E+15
243,18/10/2024,Coaching Staff Salaries,$4591.24,3.56E+15
244,10/6/2024,Administrative Costs,$7045.92,5.00E+15
245,22/06/2024,Equipment,$3224.93,3.75E+14
246,29/08/2024,Coaching Staff Salaries,$1511.78,4.84E+15
247,24/11/2024,Marketing and Promotion,$2658.94,6.04E+15
248,5/1/2025,Administrative Costs,$578.83,5.60E+15
249,9/6/2024,Equipment,$2292.64,4.92E+15
250,25/07/2024,Facilities Maintenance,$2342.96,5.00E+15
251,2/1/2025,Player Salaries,$6421.63,3.59E+15
252,2/1/2025,Player Salaries,$9262.35,3.56E+15
253,3/12/2024,Equipment,$9022.31,3.55E+15
254,23/10/2024,Administrative Costs,$2968.17,3.55E+15
255,20/10/2024,Facilities Maintenance,$3001.52,4.41E+15
256,10/9/2024,Marketing and Promotion,$7577.62,5.60E+15
257,28/09/2024,Equipment,$4394.36,5.60E+15
258,19/12/2024,Equipment,$1735.62,3.54E+15
259,12/7/2024,Equipment,$8024.80,3.54E+15
260,11/10/2024,Marketing and Promotion,$285.17,3.57E+15
261,31/07/2024,Facilities Maintenance,$8903.89,3.58E+15
262,30/09/2024,Coaching Staff Salaries,$9023.17,3.55E+15
263,9/7/2024,Player Salaries,$3580.68,3.55E+15
264,20/11/2024,Equipment,$724.77,3.57E+15
265,3/7/2024,Equipment,$2513.54,3.56E+15
266,30/07/2024,Facilities Maintenance,$406.55,2.01E+14
267,7/8/2024,Marketing and Promotion,$2767.81,5.01E+15
268,12/8/2024,Administrative Costs,$1070.00,3.53E+15
269,8/9/2024,Marketing and Promotion,$860.12,3.54E+15
270,6/10/2024,Administrative Costs,$5446.24,3.57E+15
271,26/09/2024,Player Salaries,$2489.85,3.53E+15
272,17/06/2024,Marketing and Promotion,$6043.04,3.44E+14
273,18/09/2024,Coaching Staff Salaries,$4505.27,6.76E+15
274,13/11/2024,Facilities Maintenance,$4959.38,3.54E+15
275,24/12/2024,Coaching Staff Salaries,$2558.25,3.54E+15
276,12/7/2024,Player Salaries,$5380.66,3.55E+15
277,13/07/2024,Equipment,$5454.56,5.60E+15
278,11/6/2024,Facilities Maintenance,$2223.30,5.60E+17
279,26/07/2024,Administrative Costs,$2437.39,3.54E+15
280,19/09/2024,Marketing and Promotion,$2656.89,5.60E+18
281,21/07/2024,Marketing and Promotion,$5517.08,3.54E+15
282,16/06/2024,Coaching Staff Salaries,$2553.33,4.84E+15
283,13/07/2024,Administrative Costs,$8196.47,5.26E+15
284,19/11/2024,Equipment,$1836.72,6.04E+16
285,29/11/2024,Marketing and Promotion,$9195.16,3.54E+15
286,23/11/2024,Coaching Staff Salaries,$8628.67,3.55E+15
287,19/10/2024,Administrative Costs,$3643.66,6.33E+15
288,8/8/2024,Marketing and Promotion,$5957.25,5.02E+15
289,8/8/2024,Equipment,$7735.00,3.54E+15
290,23/07/2024,Marketing and Promotion,$7181.47,3.54E+15
291,27/08/2024,Facilities Maintenance,$1577.05,4.94E+18
292,26/07/2024,Administrative Costs,$9253.24,5.60E+18
293,6/6/2024,Marketing and Promotion,$6211.96,3.55E+15
294,18/11/2024,Player Salaries,$3692.40,3.58E+15
295,8/9/2024,Player Salaries,$8880.55,3.54E+15
296,1/12/2024,Administrative Costs,$2046.95,3.58E+15
297,27/06/2024,Marketing and Promotion,$3524.18,3.55E+15
298,2/12/2024,Facilities Maintenance,$2379.84,5.00E+15
299,15/08/2024,Marketing and Promotion,$9951.10,3.53E+15
300,8/9/2024,Coaching Staff Salaries,$564.09,3.54E+15
301,21/12/2024,Equipment,$3492.74,5.01E+15
302,19/10/2024,Facilities Maintenance,$8780.42,3.59E+15
303,15/10/2024,Administrative Costs,$1602.03,3.55E+15
304,17/09/2024,Marketing and Promotion,$651.72,6.30E+17
305,10/12/2024,Coaching Staff Salaries,$6990.44,4.91E+15
306,22/10/2024,Facilities Maintenance,$7514.54,3.54E+15
307,13/10/2024,Facilities Maintenance,$7200.14,4.51E+15
308,18/10/2024,Administrative Costs,$8049.02,5.60E+15
309,14/06/2024,Player Salaries,$7148.92,3.58E+15
310,17/06/2024,Administrative Costs,$2055.23,4.91E+18
311,1/9/2024,Equipment,$1825.90,3.56E+15
312,1/8/2024,Equipment,$3840.58,5.10E+15
313,20/08/2024,Coaching Staff Salaries,$4814.37,4.90E+15
314,14/11/2024,Administrative Costs,$3457.17,4.84E+15
315,24/08/2024,Facilities Maintenance,$7509.67,2.01E+14
316,30/07/2024,Facilities Maintenance,$1150.67,3.56E+15
317,10/11/2024,Administrative Costs,$4051.50,3.56E+15
318,24/12/2024,Player Salaries,$4751.59,2.02E+14
319,19/09/2024,Administrative Costs,$4728.23,3.58E+15
320,9/8/2024,Equipment,$1261.12,3.53E+15
321,7/10/2024,Player Salaries,$8668.15,3.58E+15
322,26/08/2024,Player Salaries,$6811.42,2.02E+14
323,23/09/2024,Coaching Staff Salaries,$6399.07,2.02E+14
324,10/6/2024,Marketing and Promotion,$6294.70,3.53E+15
325,27/07/2024,Administrative Costs,$1622.19,2.02E+14
326,27/11/2024,Coaching Staff Salaries,$5650.64,6.76E+17
327,14/10/2024,Marketing and Promotion,$847.17,3.06E+13
328,19/08/2024,Player Salaries,$9530.52,5.33E+15
329,10/8/2024,Player Salaries,$7041.22,3.56E+15
330,1/10/2024,Coaching Staff Salaries,$6972.70,5.51E+15
331,28/09/2024,Facilities Maintenance,$5607.53,3.53E+15
332,14/07/2024,Administrative Costs,$8649.26,3.04E+13
333,21/10/2024,Equipment,$8838.84,4.91E+15
334,12/10/2024,Equipment,$754.99,3.58E+15
335,20/10/2024,Facilities Maintenance,$7934.27,3.56E+15
336,13/06/2024,Coaching Staff Salaries,$8583.87,6.33E+17
337,22/06/2024,Coaching Staff Salaries,$7807.57,3.54E+15
338,16/11/2024,Player Salaries,$8574.71,3.49E+14
339,6/9/2024,Coaching Staff Salaries,$9298.08,3.56E+15
340,25/09/2024,Facilities Maintenance,$6200.47,6.77E+16
341,21/12/2024,Administrative Costs,$4437.75,3.55E+15
342,16/10/2024,Facilities Maintenance,$1656.18,6.76E+18
343,14/11/2024,Player Salaries,$6523.65,3.38E+14
344,25/09/2024,Player Salaries,$8341.13,5.17E+15
345,6/6/2024,Coaching Staff Salaries,$1532.99,3.72E+14
346,7/9/2024,Administrative Costs,$4025.19,6.30E+15
347,7/6/2024,Equipment,$4959.97,6.33E+15
348,8/9/2024,Player Salaries,$8328.41,5.30E+15
349,9/12/2024,Equipment,$9286.91,3.56E+15
350,17/09/2024,Facilities Maintenance,$1216.98,5.60E+15
351,27/06/2024,Marketing and Promotion,$1064.52,3.54E+15
352,9/12/2024,Player Salaries,$1519.27,3.58E+15
353,2/8/2024,Equipment,$2257.99,3.57E+15
354,10/8/2024,Marketing and Promotion,$9373.26,3.57E+15
355,4/9/2024,Marketing and Promotion,$3012.19,3.56E+15
356,8/9/2024,Equipment,$6836.39,5.60E+17
357,27/12/2024,Equipment,$4705.60,3.57E+15
358,16/08/2024,Facilities Maintenance,$1795.06,5.60E+15
359,23/08/2024,Marketing and Promotion,$1359.82,3.56E+15
360,4/1/2025,Coaching Staff Salaries,$5497.88,3.05E+13
361,5/8/2024,Player Salaries,$1701.55,5.01E+15
362,30/09/2024,Administrative Costs,$9625.56,3.58E+15
363,23/10/2024,Player Salaries,$7338.74,3.53E+15
364,11/8/2024,Administrative Costs,$4176.59,3.02E+13
365,3/9/2024,Administrative Costs,$7272.26,6.76E+15
366,21/09/2024,Coaching Staff Salaries,$5095.09,5.04E+18
367,16/12/2024,Marketing and Promotion,$2528.54,3.54E+15
368,12/9/2024,Equipment,$7143.11,3.54E+15
369,21/10/2024,Coaching Staff Salaries,$2531.70,4.04E+15
370,10/7/2024,Facilities Maintenance,$2461.11,3.55E+15
371,17/06/2024,Marketing and Promotion,$9996.04,3.53E+15
372,17/08/2024,Marketing and Promotion,$5992.93,3.55E+15
373,14/12/2024,Coaching Staff Salaries,$5957.97,6.33E+18
374,20/09/2024,Marketing and Promotion,$1178.89,6.76E+18
375,24/12/2024,Facilities Maintenance,$6952.09,5.11E+15
376,27/08/2024,Administrative Costs,$9736.10,4.03E+15
377,11/6/2024,Administrative Costs,$5676.99,3.72E+14
378,7/10/2024,Equipment,$2823.01,5.60E+15
379,13/11/2024,Marketing and Promotion,$5775.72,3.58E+15
380,11/9/2024,Player Salaries,$5518.69,3.57E+15
381,4/1/2025,Coaching Staff Salaries,$7815.64,2.02E+14
382,28/07/2024,Marketing and Promotion,$7262.17,3.53E+15
383,6/11/2024,Player Salaries,$500.66,3.55E+15
384,19/07/2024,Facilities Maintenance,$1928.52,3.55E+15
385,5/9/2024,Administrative Costs,$4408.68,6.76E+18
386,14/06/2024,Player Salaries,$1607.41,3.74E+14
387,20/10/2024,Marketing and Promotion,$7707.63,3.03E+13
388,11/7/2024,Player Salaries,$4002.40,3.56E+15
389,23/12/2024,Player Salaries,$1601.10,6.04E+14
390,15/07/2024,Equipment,$2427.80,6.38E+15
391,22/08/2024,Player Salaries,$8344.38,4.41E+15
392,27/07/2024,Administrative Costs,$2071.58,3.57E+15
393,25/06/2024,Player Salaries,$7485.07,4.02E+12
394,12/6/2024,Coaching Staff Salaries,$3605.34,3.55E+15
395,7/11/2024,Marketing and Promotion,$4516.03,4.91E+17
396,1/12/2024,Marketing and Promotion,$5297.41,3.55E+15
397,18/12/2024,Marketing and Promotion,$1514.86,4.92E+15
398,8/9/2024,Equipment,$7982.81,3.59E+15
399,26/09/2024,Player Salaries,$6245.72,3.57E+15
400,24/10/2024,Equipment,$5211.62,3.74E+14
401,14/06/2024,Facilities Maintenance,$204.33,3.58E+15
402,8/6/2024,Coaching Staff Salaries,$8712.52,3.04E+13
403,25/10/2024,Coaching Staff Salaries,$2624.10,6.05E+15
404,8/11/2024,Facilities Maintenance,$7241.00,3.38E+14
405,28/08/2024,Facilities Maintenance,$7256.89,3.57E+15
406,9/6/2024,Coaching Staff Salaries,$5341.80,4.91E+15
407,19/08/2024,Coaching Staff Salaries,$6507.85,3.55E+15
408,22/09/2024,Facilities Maintenance,$9370.79,3.57E+15
409,14/06/2024,Equipment,$9112.09,3.54E+15
410,6/12/2024,Player Salaries,$207.51,3.54E+15
411,9/12/2024,Equipment,$7368.84,3.57E+15
412,5/7/2024,Equipment,$7743.45,5.60E+16
413,13/06/2024,Equipment,$4582.01,3.57E+15
414,23/06/2024,Administrative Costs,$7068.70,3.54E+15
415,25/12/2024,Administrative Costs,$979.84,3.57E+15
416,21/10/2024,Player Salaries,$4224.66,3.53E+15
417,28/06/2024,Coaching Staff Salaries,$8024.74,3.59E+15
418,7/11/2024,Marketing and Promotion,$8168.90,3.54E+15
419,15/10/2024,Coaching Staff Salaries,$289.79,5.52E+15
420,29/09/2024,Facilities Maintenance,$725.08,5.61E+15
421,14/10/2024,Marketing and Promotion,$9462.38,3.59E+15
422,28/07/2024,Equipment,$5380.08,3.54E+15
423,9/9/2024,Player Salaries,$7955.61,5.35E+15
424,18/11/2024,Coaching Staff Salaries,$7751.12,3.57E+15
425,1/12/2024,Player Salaries,$5487.14,3.58E+15
426,14/09/2024,Player Salaries,$2562.35,3.54E+15
427,9/7/2024,Marketing and Promotion,$4439.42,3.53E+15
428,26/07/2024,Administrative Costs,$9858.99,3.54E+15
429,13/10/2024,Administrative Costs,$9376.15,4.51E+15
430,12/12/2024,Marketing and Promotion,$9347.49,5.10E+15
431,23/06/2024,Equipment,$7655.82,3.58E+15
432,5/10/2024,Player Salaries,$4923.34,5.34E+15
433,11/9/2024,Facilities Maintenance,$3725.71,4.90E+18
434,3/1/2025,Coaching Staff Salaries,$6955.68,3.54E+15
435,31/12/2024,Facilities Maintenance,$461.11,5.26E+15
436,15/06/2024,Facilities Maintenance,$845.47,2.01E+14
437,30/06/2024,Facilities Maintenance,$1909.02,3.59E+15
438,18/09/2024,Coaching Staff Salaries,$1976.39,4.04E+12
439,23/06/2024,Coaching Staff Salaries,$4681.16,5.61E+15
440,3/9/2024,Marketing and Promotion,$4286.21,3.54E+15
441,3/11/2024,Marketing and Promotion,$157.37,5.60E+15
442,8/9/2024,Equipment,$4537.81,3.54E+15
443,8/12/2024,Player Salaries,$5326.50,3.57E+15
444,14/11/2024,Administrative Costs,$7073.13,3.01E+13
445,3/12/2024,Coaching Staff Salaries,$477.76,2.02E+14
446,29/12/2024,Coaching Staff Salaries,$1630.38,3.56E+15
447,6/8/2024,Player Salaries,$5697.35,4.03E+15
448,2/9/2024,Equipment,$6300.71,3.56E+15
449,5/9/2024,Marketing and Promotion,$1942.89,3.03E+13
450,1/1/2025,Administrative Costs,$294.91,3.55E+15
451,6/1/2025,Player Salaries,$4974.38,3.57E+15
452,20/08/2024,Equipment,$106.32,2.02E+14
453,29/10/2024,Administrative Costs,$6324.65,3.55E+15
454,9/6/2024,Equipment,$6303.10,3.56E+15
455,5/11/2024,Equipment,$1201.36,3.72E+14
456,17/10/2024,Player Salaries,$1026.57,3.53E+15
457,4/11/2024,Marketing and Promotion,$3483.61,3.58E+15
458,7/9/2024,Equipment,$1909.55,2.01E+14
459,26/09/2024,Player Salaries,$7320.94,3.74E+14
460,25/07/2024,Player Salaries,$3044.79,3.59E+15
461,3/7/2024,Equipment,$8021.25,6.76E+17
462,6/9/2024,Facilities Maintenance,$9925.77,5.59E+15
463,27/11/2024,Player Salaries,$3172.02,5.31E+15
464,8/8/2024,Coaching Staff Salaries,$4257.22,4.91E+18
465,7/12/2024,Coaching Staff Salaries,$3533.87,2.01E+14
466,14/06/2024,Facilities Maintenance,$4787.51,3.57E+15
467,25/12/2024,Coaching Staff Salaries,$7596.16,6.33E+18
468,5/8/2024,Administrative Costs,$7045.20,3.56E+15
469,13/10/2024,Player Salaries,$2068.69,5.13E+15
470,27/06/2024,Equipment,$2731.41,6.33E+17
471,26/12/2024,Player Salaries,$720.20,5.01E+15
472,2/10/2024,Facilities Maintenance,$3249.36,3.54E+15
473,14/07/2024,Equipment,$6766.51,5.47E+15
474,4/12/2024,Facilities Maintenance,$1805.49,3.59E+15
475,1/9/2024,Coaching Staff Salaries,$1052.32,3.59E+15
476,3/8/2024,Administrative Costs,$9612.56,3.53E+15
477,25/07/2024,Facilities Maintenance,$5979.92,3.55E+15
478,27/11/2024,Marketing and Promotion,$4697.83,5.89E+15
479,2/10/2024,Facilities Maintenance,$9495.94,5.04E+16
480,22/09/2024,Coaching Staff Salaries,$3309.48,3.54E+15
481,7/11/2024,Facilities Maintenance,$8529.64,4.89E+15
482,24/11/2024,Facilities Maintenance,$1451.69,5.60E+15
483,27/07/2024,Facilities Maintenance,$650.42,2.02E+14
484,24/08/2024,Administrative Costs,$8467.07,5.59E+15
485,2/10/2024,Equipment,$8760.72,3.58E+15
486,16/06/2024,Administrative Costs,$1699.05,3.53E+15
487,26/07/2024,Administrative Costs,$5408.97,3.54E+15
488,4/7/2024,Administrative Costs,$6414.75,5.60E+17
489,23/09/2024,Facilities Maintenance,$9630.26,3.59E+15
490,23/06/2024,Player Salaries,$4277.24,5.60E+15
491,23/10/2024,Coaching Staff Salaries,$6538.57,3.55E+15
492,7/9/2024,Facilities Maintenance,$7846.72,6.76E+17
493,20/10/2024,Marketing and Promotion,$4825.78,3.74E+14
494,5/7/2024,Marketing and Promotion,$4499.40,6.76E+18
495,5/11/2024,Marketing and Promotion,$8764.61,3.57E+15
496,28/09/2024,Equipment,$9723.09,4.03E+15
497,19/12/2024,Player Salaries,$9758.04,5.60E+16
498,12/9/2024,Coaching Staff Salaries,$1789.86,2.02E+14
499,9/6/2024,Coaching Staff Salaries,$2032.03,3.58E+15
500,1/7/2024,Administrative Costs,$4245.09,5.89E+16
501,5/11/2024,Marketing and Promotion,$6719.24,3.55E+15
502,14/11/2024,Marketing and Promotion,$7299.51,6.33E+18
503,16/07/2024,Player Salaries,$4176.24,6.71E+18
504,8/10/2024,Player Salaries,$4256.70,4.04E+12
505,30/08/2024,Marketing and Promotion,$4240.50,6.04E+15
506,18/12/2024,Coaching Staff Salaries,$1386.49,3.57E+15
507,27/11/2024,Administrative Costs,$6952.04,5.61E+15
508,23/09/2024,Facilities Maintenance,$5612.69,2.02E+14
509,21/10/2024,Player Salaries,$1433.44,3.03E+13
510,10/7/2024,Marketing and Promotion,$3635.53,6.76E+18
511,23/06/2024,Marketing and Promotion,$6186.92,4.18E+15
512,6/1/2025,Equipment,$2291.75,3.72E+14
513,21/07/2024,Facilities Maintenance,$254.44,3.72E+14
514,28/07/2024,Equipment,$5459.56,3.58E+15
515,23/07/2024,Coaching Staff Salaries,$4258.49,3.54E+15
516,26/06/2024,Administrative Costs,$9758.93,3.53E+15
517,21/08/2024,Player Salaries,$9871.03,4.90E+15
518,30/09/2024,Administrative Costs,$9626.19,5.01E+15
519,11/7/2024,Equipment,$3703.40,2.02E+14
520,17/09/2024,Equipment,$6677.82,3.56E+15
521,29/12/2024,Coaching Staff Salaries,$9379.82,2.02E+14
522,20/12/2024,Equipment,$132.57,4.04E+12
523,6/8/2024,Player Salaries,$7156.18,2.02E+14
524,7/11/2024,Administrative Costs,$4176.25,4.91E+17
525,3/9/2024,Coaching Staff Salaries,$9445.55,3.55E+15
526,16/10/2024,Equipment,$5336.81,3.56E+15
527,15/06/2024,Marketing and Promotion,$5445.93,3.58E+15
528,17/09/2024,Player Salaries,$9613.65,3.55E+15
529,5/1/2025,Administrative Costs,$1774.35,4.91E+18
530,6/7/2024,Coaching Staff Salaries,$3367.62,5.10E+15
531,8/9/2024,Player Salaries,$2537.24,6.37E+15
532,1/9/2024,Administrative Costs,$5468.06,5.60E+15
533,24/12/2024,Player Salaries,$5982.86,5.60E+17
534,9/12/2024,Facilities Maintenance,$7639.37,3.57E+15
535,2/12/2024,Coaching Staff Salaries,$7315.05,3.58E+15
536,29/06/2024,Administrative Costs,$7577.72,4.91E+17
537,16/11/2024,Facilities Maintenance,$8332.77,4.91E+18
538,21/10/2024,Player Salaries,$6215.73,3.56E+15
539,30/06/2024,Administrative Costs,$6191.62,4.91E+15
540,19/10/2024,Facilities Maintenance,$6349.29,4.03E+15
541,18/10/2024,Coaching Staff Salaries,$2144.20,6.39E+15
542,4/12/2024,Administrative Costs,$9849.22,3.55E+15
543,18/10/2024,Administrative Costs,$7254.67,3.55E+15
544,15/07/2024,Administrative Costs,$748.07,3.58E+15
545,20/06/2024,Coaching Staff Salaries,$406.41,5.55E+15
546,5/1/2025,Equipment,$8141.08,4.91E+18
547,8/8/2024,Player Salaries,$774.72,5.60E+15
548,21/09/2024,Equipment,$6855.13,6.71E+18
549,18/06/2024,Coaching Staff Salaries,$2520.86,3.57E+15
550,6/11/2024,Administrative Costs,$9662.59,3.54E+15
551,15/06/2024,Administrative Costs,$6170.38,3.54E+15
552,29/07/2024,Facilities Maintenance,$5289.51,5.60E+15
553,18/09/2024,Facilities Maintenance,$5137.86,3.01E+13
554,29/10/2024,Facilities Maintenance,$7991.92,5.54E+15
555,17/12/2024,Player Salaries,$7417.01,3.56E+15
556,28/09/2024,Facilities Maintenance,$7374.15,6.39E+15
557,7/9/2024,Coaching Staff Salaries,$6516.11,5.04E+18
558,29/10/2024,Equipment,$3664.75,5.01E+15
559,9/6/2024,Player Salaries,$8254.50,3.75E+14
560,16/08/2024,Administrative Costs,$5171.03,3.56E+15
561,23/12/2024,Coaching Staff Salaries,$6289.36,4.91E+18
562,18/12/2024,Coaching Staff Salaries,$5033.39,3.55E+15
563,3/9/2024,Coaching Staff Salaries,$7476.86,6.76E+17
564,7/9/2024,Administrative Costs,$5656.45,6.33E+15
565,2/12/2024,Marketing and Promotion,$533.59,3.57E+15
566,29/11/2024,Facilities Maintenance,$2088.81,3.55E+15
567,11/11/2024,Administrative Costs,$5040.40,3.55E+15
568,12/12/2024,Administrative Costs,$121.66,6.30E+18
569,15/10/2024,Coaching Staff Salaries,$4421.83,3.57E+15
570,6/11/2024,Administrative Costs,$2929.31,4.03E+15
571,4/1/2025,Marketing and Promotion,$2579.58,5.05E+15
572,29/09/2024,Marketing and Promotion,$4252.59,5.05E+15
573,1/10/2024,Equipment,$207.42,2.02E+14
574,28/11/2024,Coaching Staff Salaries,$9822.76,5.00E+15
575,2/10/2024,Facilities Maintenance,$3520.87,5.02E+15
576,3/1/2025,Facilities Maintenance,$5047.65,3.58E+15
577,27/08/2024,Marketing and Promotion,$8321.27,3.04E+13
578,25/12/2024,Administrative Costs,$2936.36,5.60E+17
579,29/12/2024,Equipment,$8832.31,3.59E+15
580,16/09/2024,Marketing and Promotion,$3702.39,3.57E+15
581,5/7/2024,Marketing and Promotion,$2014.15,3.56E+15
582,1/8/2024,Marketing and Promotion,$5156.00,5.61E+15
583,6/10/2024,Facilities Maintenance,$5736.55,5.01E+15
584,7/6/2024,Player Salaries,$4056.67,3.57E+15
585,31/10/2024,Player Salaries,$9542.95,6.71E+15
586,1/10/2024,Equipment,$2125.44,5.46E+15
587,13/10/2024,Administrative Costs,$757.87,6.33E+15
588,9/9/2024,Coaching Staff Salaries,$5938.06,5.64E+18
589,29/07/2024,Equipment,$9146.76,3.58E+15
590,3/11/2024,Marketing and Promotion,$9157.20,5.60E+15
591,20/11/2024,Marketing and Promotion,$1841.34,3.56E+15
592,3/1/2025,Facilities Maintenance,$6789.76,2.02E+14
593,16/10/2024,Marketing and Promotion,$111.81,3.55E+15
594,19/12/2024,Equipment,$6571.66,5.61E+15
595,29/06/2024,Player Salaries,$9732.83,5.02E+16
596,18/10/2024,Equipment,$3480.32,3.56E+15
597,6/11/2024,Coaching Staff Salaries,$8803.18,3.54E+15
598,21/08/2024,Facilities Maintenance,$8507.42,3.58E+15
599,25/06/2024,Player Salaries,$6610.69,3.55E+15
600,23/06/2024,Equipment,$7617.06,3.55E+15
601,27/10/2024,Administrative Costs,$2559.97,4.04E+12
602,20/09/2024,Facilities Maintenance,$708.17,5.01E+15
603,28/10/2024,Equipment,$6553.79,3.72E+14
604,6/8/2024,Administrative Costs,$7390.88,3.54E+15
605,3/12/2024,Administrative Costs,$1995.37,6.76E+16
606,9/10/2024,Facilities Maintenance,$5308.38,4.03E+15
607,19/09/2024,Administrative Costs,$4945.10,5.02E+15
608,25/07/2024,Player Salaries,$5035.10,6.77E+15
609,6/10/2024,Facilities Maintenance,$5947.28,3.58E+15
610,23/08/2024,Administrative Costs,$5532.87,3.56E+15
611,7/7/2024,Equipment,$8331.77,3.53E+15
612,6/1/2025,Facilities Maintenance,$2074.92,5.60E+15
613,9/8/2024,Equipment,$496.14,4.92E+15
614,6/9/2024,Administrative Costs,$9267.23,6.33E+15
615,13/06/2024,Equipment,$4477.87,3.74E+14
616,12/10/2024,Player Salaries,$3116.24,3.53E+15
617,14/10/2024,Player Salaries,$7313.70,5.60E+17
618,2/1/2025,Coaching Staff Salaries,$4733.16,3.54E+15
619,6/11/2024,Coaching Staff Salaries,$6530.38,3.54E+15
620,11/11/2024,Facilities Maintenance,$9884.52,5.57E+15
621,22/09/2024,Facilities Maintenance,$5559.94,5.89E+17
622,29/09/2024,Player Salaries,$4820.84,3.56E+15
623,11/11/2024,Equipment,$2339.56,5.89E+18
624,23/06/2024,Player Salaries,$8967.11,3.54E+15
625,15/12/2024,Administrative Costs,$4580.04,6.71E+16
626,1/1/2025,Facilities Maintenance,$7371.12,2.02E+14
627,19/10/2024,Marketing and Promotion,$5039.84,5.60E+15
628,3/11/2024,Facilities Maintenance,$7546.13,3.53E+15
629,23/08/2024,Coaching Staff Salaries,$6042.98,3.58E+15
630,5/11/2024,Marketing and Promotion,$2016.26,6.77E+15
631,12/11/2024,Administrative Costs,$3339.49,3.54E+15
632,29/06/2024,Equipment,$7278.89,3.54E+15
633,6/1/2025,Facilities Maintenance,$8855.66,3.54E+15
634,12/12/2024,Coaching Staff Salaries,$4319.03,5.10E+15
635,23/07/2024,Coaching Staff Salaries,$4800.61,5.02E+15
636,8/12/2024,Equipment,$5016.05,5.60E+16
637,21/06/2024,Equipment,$5488.66,3.57E+15
638,3/12/2024,Equipment,$7827.54,4.55E+15
639,15/07/2024,Player Salaries,$182.83,3.55E+15
640,15/08/2024,Player Salaries,$1330.13,3.44E+14
641,3/8/2024,Player Salaries,$1477.97,3.58E+15
642,2/8/2024,Player Salaries,$583.55,3.56E+15
643,1/10/2024,Marketing and Promotion,$3731.62,3.55E+15
644,4/12/2024,Player Salaries,$2447.28,5.10E+15
645,21/07/2024,Facilities Maintenance,$3658.50,5.60E+15
646,8/6/2024,Administrative Costs,$2180.69,3.54E+15
647,11/6/2024,Marketing and Promotion,$7052.67,3.55E+15
648,15/06/2024,Equipment,$2581.99,3.50E+14
649,24/09/2024,Facilities Maintenance,$1627.14,3.57E+15
650,1/10/2024,Marketing and Promotion,$2322.80,3.54E+15
651,9/6/2024,Administrative Costs,$7447.87,4.92E+15
652,9/9/2024,Equipment,$8151.47,4.34E+15
653,13/09/2024,Equipment,$6696.64,4.18E+15
654,1/12/2024,Coaching Staff Salaries,$4037.24,6.76E+16
655,20/07/2024,Marketing and Promotion,$3628.11,5.60E+15
656,8/11/2024,Administrative Costs,$7035.67,3.53E+15
657,6/6/2024,Administrative Costs,$4251.75,3.05E+13
658,19/06/2024,Equipment,$7929.64,3.57E+15
659,21/10/2024,Marketing and Promotion,$2451.25,6.33E+15
660,1/8/2024,Facilities Maintenance,$4088.34,6.39E+15
661,25/06/2024,Administrative Costs,$3414.47,6.76E+17
662,29/12/2024,Player Salaries,$4290.56,4.03E+15
663,2/12/2024,Coaching Staff Salaries,$248.61,3.57E+15
664,14/07/2024,Coaching Staff Salaries,$7084.03,2.02E+14
665,4/12/2024,Administrative Costs,$6765.28,3.57E+15
666,11/6/2024,Marketing and Promotion,$6558.83,3.55E+15
667,23/09/2024,Coaching Staff Salaries,$4421.98,3.55E+15
668,24/11/2024,Marketing and Promotion,$2130.73,6.76E+18
669,21/09/2024,Coaching Staff Salaries,$6150.90,6.30E+17
670,30/08/2024,Coaching Staff Salaries,$8809.68,3.56E+15
671,14/09/2024,Equipment,$6490.97,3.01E+13
672,9/11/2024,Facilities Maintenance,$8467.85,3.56E+15
673,15/07/2024,Facilities Maintenance,$5451.97,6.77E+18
674,21/10/2024,Facilities Maintenance,$7457.03,3.06E+13
675,1/8/2024,Player Salaries,$3361.21,3.38E+14
676,6/7/2024,Administrative Costs,$6737.12,3.53E+15
677,31/10/2024,Equipment,$2385.87,6.71E+16
678,7/12/2024,Player Salaries,$155.01,6.04E+14
679,15/12/2024,Equipment,$2898.10,3.01E+13
680,13/12/2024,Administrative Costs,$2512.37,5.15E+15
681,13/10/2024,Player Salaries,$1872.76,5.50E+15
682,9/8/2024,Coaching Staff Salaries,$7387.29,3.53E+15
683,27/11/2024,Coaching Staff Salaries,$7614.26,4.92E+15
684,3/1/2025,Facilities Maintenance,$8627.92,3.54E+15
685,19/09/2024,Administrative Costs,$6594.54,6.38E+15
686,14/08/2024,Marketing and Promotion,$2738.56,3.57E+15
687,23/11/2024,Coaching Staff Salaries,$9092.33,3.57E+15
688,13/09/2024,Equipment,$6380.75,6.77E+18
689,26/12/2024,Equipment,$1029.57,3.59E+15
690,31/08/2024,Administrative Costs,$4085.38,3.04E+13
691,10/9/2024,Coaching Staff Salaries,$1943.63,3.53E+15
692,14/06/2024,Administrative Costs,$4372.99,4.94E+15
693,23/12/2024,Administrative Costs,$2852.42,3.53E+15
694,12/10/2024,Facilities Maintenance,$7846.97,3.01E+13
695,4/7/2024,Administrative Costs,$3998.38,5.60E+15
696,20/06/2024,Administrative Costs,$6130.26,3.57E+15
697,28/08/2024,Coaching Staff Salaries,$4084.55,3.55E+15
698,18/09/2024,Equipment,$7093.40,3.01E+13
699,7/12/2024,Coaching Staff Salaries,$5546.07,5.34E+15
700,8/12/2024,Administrative Costs,$1973.83,4.84E+15
701,1/8/2024,Equipment,$3901.70,4.42E+12
702,12/8/2024,Player Salaries,$4678.15,5.60E+17
703,15/08/2024,Marketing and Promotion,$7661.56,5.60E+15
704,31/07/2024,Player Salaries,$2851.95,3.57E+15
705,17/11/2024,Facilities Maintenance,$5936.78,3.59E+15
706,3/1/2025,Administrative Costs,$3609.72,3.56E+15
707,4/11/2024,Player Salaries,$7884.09,5.60E+15
708,29/07/2024,Player Salaries,$9536.51,3.02E+13
709,23/09/2024,Equipment,$8360.73,3.03E+13
710,15/11/2024,Equipment,$3657.93,6.77E+18
711,24/08/2024,Equipment,$5509.02,3.56E+15
712,23/09/2024,Player Salaries,$5102.99,4.04E+15
713,28/11/2024,Facilities Maintenance,$6535.58,5.01E+15
714,24/08/2024,Administrative Costs,$9844.68,5.02E+17
715,31/08/2024,Administrative Costs,$2116.93,5.60E+16
716,6/7/2024,Equipment,$732.06,6.71E+16
717,8/9/2024,Marketing and Promotion,$8565.11,6.76E+17
718,18/11/2024,Marketing and Promotion,$8169.07,3.55E+15
719,1/1/2025,Coaching Staff Salaries,$6928.68,4.91E+15
720,10/7/2024,Coaching Staff Salaries,$3591.26,3.03E+13
721,18/12/2024,Coaching Staff Salaries,$8270.96,2.02E+14
722,27/08/2024,Coaching Staff Salaries,$277.11,3.56E+15
723,27/09/2024,Facilities Maintenance,$8109.01,3.55E+15
724,23/11/2024,Facilities Maintenance,$9449.21,3.63E+13
725,9/11/2024,Player Salaries,$6086.18,3.57E+15
726,12/9/2024,Equipment,$1511.05,3.55E+15
727,24/09/2024,Equipment,$9496.00,3.54E+15
728,16/11/2024,Equipment,$5273.77,3.55E+15
729,18/12/2024,Player Salaries,$8597.70,6.39E+15
730,23/09/2024,Player Salaries,$2281.69,5.61E+16
731,2/9/2024,Coaching Staff Salaries,$9509.94,5.10E+15
732,5/11/2024,Equipment,$6778.23,3.53E+15
733,20/07/2024,Facilities Maintenance,$3146.17,5.05E+15
734,16/12/2024,Administrative Costs,$3201.43,5.61E+15
735,8/9/2024,Equipment,$808.28,3.55E+15
736,16/08/2024,Administrative Costs,$8058.88,3.56E+15
737,6/7/2024,Equipment,$7952.56,3.04E+13
738,9/6/2024,Player Salaries,$6350.53,4.90E+18
739,8/11/2024,Player Salaries,$1916.43,5.60E+17
740,7/10/2024,Player Salaries,$1713.23,4.51E+15
741,28/10/2024,Facilities Maintenance,$661.05,4.92E+15
742,16/07/2024,Player Salaries,$9852.12,3.54E+15
743,2/10/2024,Coaching Staff Salaries,$4072.87,5.59E+15
744,8/10/2024,Facilities Maintenance,$9855.89,5.60E+16
745,8/7/2024,Facilities Maintenance,$8948.35,5.60E+17
746,15/10/2024,Player Salaries,$4806.61,5.02E+18
747,17/09/2024,Facilities Maintenance,$5969.26,3.56E+15
748,19/06/2024,Administrative Costs,$3594.96,5.57E+15
749,20/10/2024,Player Salaries,$9342.42,4.03E+15
750,1/10/2024,Equipment,$7166.81,2.02E+14
751,12/12/2024,Facilities Maintenance,$4626.58,3.58E+15
752,24/08/2024,Coaching Staff Salaries,$7374.16,3.56E+15
753,1/9/2024,Marketing and Promotion,$9408.75,5.60E+15
754,26/12/2024,Coaching Staff Salaries,$3161.16,5.25E+15
755,18/07/2024,Coaching Staff Salaries,$3683.54,6.76E+18
756,17/10/2024,Administrative Costs,$8912.35,4.04E+12
757,23/12/2024,Player Salaries,$9714.23,3.63E+13
758,3/9/2024,Marketing and Promotion,$3372.45,5.05E+15
759,26/06/2024,Coaching Staff Salaries,$550.93,5.10E+15
760,18/10/2024,Facilities Maintenance,$914.01,3.57E+15
761,7/12/2024,Marketing and Promotion,$1612.60,3.59E+15
762,15/08/2024,Equipment,$4982.84,5.60E+15
763,22/08/2024,Marketing and Promotion,$5474.83,3.58E+15
764,6/7/2024,Marketing and Promotion,$362.86,3.57E+15
765,8/12/2024,Player Salaries,$4600.83,6.71E+17
766,19/10/2024,Administrative Costs,$6256.47,3.53E+15
767,4/8/2024,Equipment,$1963.32,2.02E+14
768,9/11/2024,Equipment,$8417.98,3.54E+15
769,1/10/2024,Marketing and Promotion,$9484.89,6.33E+18
770,10/10/2024,Facilities Maintenance,$7466.37,3.58E+15
771,27/08/2024,Facilities Maintenance,$2988.39,3.02E+13
772,5/7/2024,Coaching Staff Salaries,$2946.62,5.01E+15
773,8/8/2024,Player Salaries,$6398.86,4.04E+12
774,1/8/2024,Equipment,$3727.64,3.74E+14
775,13/09/2024,Player Salaries,$2436.29,3.02E+13
776,30/10/2024,Administrative Costs,$7501.17,5.61E+16
777,1/8/2024,Equipment,$1798.36,3.57E+15
778,7/8/2024,Player Salaries,$8874.21,3.57E+15
779,15/10/2024,Coaching Staff Salaries,$8723.72,2.02E+14
780,20/10/2024,Facilities Maintenance,$8641.46,4.90E+17
781,2/12/2024,Facilities Maintenance,$5091.84,6.37E+15
782,12/7/2024,Administrative Costs,$9740.00,3.63E+13
783,23/08/2024,Administrative Costs,$5157.79,3.56E+15
784,1/9/2024,Facilities Maintenance,$3599.39,2.02E+14
785,18/07/2024,Marketing and Promotion,$7820.81,3.54E+15
786,21/12/2024,Player Salaries,$9934.06,3.55E+15
787,25/09/2024,Equipment,$1760.53,3.57E+15
788,22/06/2024,Marketing and Promotion,$7296.01,4.18E+15
789,23/10/2024,Marketing and Promotion,$5182.04,5.02E+18
790,25/06/2024,Coaching Staff Salaries,$3133.23,5.60E+17
791,17/11/2024,Administrative Costs,$3392.59,3.59E+15
792,16/08/2024,Coaching Staff Salaries,$7747.72,3.53E+15
793,20/09/2024,Coaching Staff Salaries,$8079.71,2.02E+14
794,10/10/2024,Administrative Costs,$1393.17,6.33E+17
795,25/12/2024,Administrative Costs,$6583.20,3.53E+15
796,13/12/2024,Equipment,$1492.02,3.72E+14
797,26/07/2024,Player Salaries,$6321.62,3.54E+15
798,30/10/2024,Coaching Staff Salaries,$146.50,3.54E+15
799,4/8/2024,Facilities Maintenance,$1855.56,6.39E+15
800,26/07/2024,Equipment,$5953.61,5.46E+15
801,8/7/2024,Player Salaries,$8882.59,5.60E+15
802,8/9/2024,Equipment,$1731.71,3.00E+13
803,3/8/2024,Facilities Maintenance,$2024.01,3.56E+15
804,4/11/2024,Equipment,$681.81,3.03E+13
805,3/12/2024,Facilities Maintenance,$9310.02,3.54E+15
806,11/7/2024,Equipment,$5457.19,5.10E+15
807,16/07/2024,Coaching Staff Salaries,$3955.97,4.90E+18
808,17/07/2024,Marketing and Promotion,$1152.41,3.54E+15
809,4/8/2024,Equipment,$9507.07,4.91E+15
810,15/10/2024,Marketing and Promotion,$3810.39,4.04E+15
811,15/09/2024,Player Salaries,$9925.44,3.38E+14
812,19/09/2024,Equipment,$8964.43,3.56E+15
813,3/1/2025,Marketing and Promotion,$9260.44,3.56E+15
814,26/09/2024,Marketing and Promotion,$2626.83,2.02E+14
815,8/7/2024,Facilities Maintenance,$8411.58,5.02E+15
816,4/11/2024,Coaching Staff Salaries,$6889.66,2.02E+14
817,12/11/2024,Facilities Maintenance,$6305.04,3.57E+15
818,11/10/2024,Marketing and Promotion,$8650.44,3.59E+15
819,22/10/2024,Equipment,$8862.13,6.05E+14
820,27/12/2024,Equipment,$1873.52,3.54E+15
821,10/7/2024,Marketing and Promotion,$4724.91,3.72E+14
822,21/07/2024,Administrative Costs,$7321.35,3.57E+15
823,16/07/2024,Marketing and Promotion,$6951.09,3.03E+13
824,1/7/2024,Administrative Costs,$534.97,5.29E+15
825,13/09/2024,Equipment,$5445.31,5.11E+15
826,24/10/2024,Player Salaries,$276.52,3.53E+15
827,17/10/2024,Administrative Costs,$3628.37,6.76E+18
828,8/6/2024,Facilities Maintenance,$3018.70,2.02E+14
829,16/11/2024,Administrative Costs,$7209.50,3.53E+15
830,3/10/2024,Administrative Costs,$2234.29,6.76E+17
831,27/07/2024,Equipment,$6728.58,6.33E+18
832,17/06/2024,Marketing and Promotion,$9091.33,6.30E+18
833,1/1/2025,Equipment,$9727.24,3.56E+15
834,7/12/2024,Equipment,$3005.23,3.55E+15
835,23/06/2024,Marketing and Promotion,$5134.01,3.58E+15
836,10/12/2024,Facilities Maintenance,$3686.42,3.59E+15
837,13/06/2024,Administrative Costs,$6291.13,3.04E+13
838,11/9/2024,Coaching Staff Salaries,$1500.82,3.56E+15
839,17/07/2024,Marketing and Promotion,$8444.46,3.53E+15
840,23/11/2024,Player Salaries,$5134.29,3.59E+15
841,3/12/2024,Marketing and Promotion,$1091.19,6.40E+15
842,12/12/2024,Facilities Maintenance,$1456.44,5.05E+15
843,10/10/2024,Coaching Staff Salaries,$3327.27,6.39E+15
844,19/10/2024,Player Salaries,$1543.20,3.56E+15
845,26/06/2024,Player Salaries,$6429.90,3.58E+15
846,4/12/2024,Administrative Costs,$8309.04,2.02E+14
847,8/8/2024,Administrative Costs,$8476.48,6.76E+18
848,20/12/2024,Marketing and Promotion,$5232.29,3.54E+15
849,9/7/2024,Equipment,$5189.20,2.02E+14
850,18/11/2024,Marketing and Promotion,$9732.05,3.02E+13
851,20/08/2024,Coaching Staff Salaries,$6759.05,3.58E+15
852,5/10/2024,Marketing and Promotion,$981.71,3.54E+15
853,18/08/2024,Coaching Staff Salaries,$8336.42,3.59E+15
854,28/09/2024,Equipment,$7332.27,3.58E+15
855,28/11/2024,Player Salaries,$8629.68,3.55E+15
856,11/9/2024,Marketing and Promotion,$5344.82,4.02E+15
857,25/09/2024,Administrative Costs,$4654.90,3.55E+15
858,9/10/2024,Equipment,$4607.68,6.33E+15
859,15/11/2024,Administrative Costs,$2136.83,4.90E+17
860,8/7/2024,Facilities Maintenance,$6270.86,3.59E+15
861,8/12/2024,Player Salaries,$9683.69,5.01E+15
862,8/9/2024,Coaching Staff Salaries,$7014.42,5.04E+16
863,3/12/2024,Marketing and Promotion,$2627.45,5.60E+15
864,23/09/2024,Facilities Maintenance,$386.94,4.18E+15
865,11/10/2024,Marketing and Promotion,$7152.25,5.31E+15
866,21/09/2024,Marketing and Promotion,$7107.12,5.04E+16
867,27/06/2024,Player Salaries,$5374.28,5.61E+17
868,24/06/2024,Equipment,$166.21,3.54E+15
869,26/06/2024,Facilities Maintenance,$2293.61,3.53E+15
870,2/8/2024,Facilities Maintenance,$5697.62,3.54E+15
871,10/7/2024,Marketing and Promotion,$3238.40,4.04E+15
872,15/07/2024,Coaching Staff Salaries,$9064.54,4.03E+15
873,1/12/2024,Equipment,$6049.51,2.02E+14
874,5/10/2024,Equipment,$5625.28,5.89E+17
875,28/09/2024,Player Salaries,$9408.70,3.75E+14
876,5/10/2024,Player Salaries,$4843.26,6.76E+16
877,20/11/2024,Administrative Costs,$5306.32,4.04E+12
878,2/1/2025,Coaching Staff Salaries,$9161.09,6.38E+15
879,15/09/2024,Facilities Maintenance,$2363.70,5.60E+16
880,15/06/2024,Coaching Staff Salaries,$5245.39,3.59E+15
881,2/9/2024,Coaching Staff Salaries,$7556.91,2.02E+14
882,19/07/2024,Coaching Staff Salaries,$1253.64,3.57E+15
883,24/06/2024,Player Salaries,$2795.94,6.30E+16
884,4/7/2024,Marketing and Promotion,$9834.04,5.10E+15
885,10/12/2024,Coaching Staff Salaries,$7160.96,2.02E+14
886,6/7/2024,Coaching Staff Salaries,$1098.41,4.33E+12
887,29/09/2024,Facilities Maintenance,$1615.93,3.00E+13
888,10/10/2024,Facilities Maintenance,$8811.99,3.58E+15
889,11/7/2024,Coaching Staff Salaries,$5243.10,6.76E+16
890,28/12/2024,Marketing and Promotion,$8937.48,4.92E+15
891,8/6/2024,Player Salaries,$2260.15,3.55E+15
892,18/07/2024,Administrative Costs,$1041.13,3.54E+15
893,5/1/2025,Equipment,$7133.56,3.58E+15
894,8/9/2024,Marketing and Promotion,$7299.98,3.54E+15
895,1/9/2024,Administrative Costs,$8140.70,3.55E+15
896,7/12/2024,Administrative Costs,$9311.91,4.91E+15
897,27/10/2024,Coaching Staff Salaries,$5250.95,3.57E+15
898,22/09/2024,Coaching Staff Salaries,$2347.38,3.58E+15
899,3/1/2025,Player Salaries,$730.93,5.10E+15
900,21/09/2024,Facilities Maintenance,$1527.68,3.53E+15
901,25/06/2024,Facilities Maintenance,$2355.58,5.50E+15
902,6/10/2024,Marketing and Promotion,$1420.00,3.56E+15
903,3/12/2024,Player Salaries,$7623.46,3.59E+15
904,21/10/2024,Player Salaries,$5198.96,3.41E+14
905,24/10/2024,Player Salaries,$5406.08,3.59E+15
906,4/10/2024,Facilities Maintenance,$8180.95,3.55E+15
907,14/09/2024,Administrative Costs,$5050.02,3.69E+13
908,6/12/2024,Equipment,$5727.22,5.35E+15
909,29/10/2024,Player Salaries,$9744.30,3.55E+15
910,16/09/2024,Administrative Costs,$9009.02,3.54E+15
911,24/12/2024,Coaching Staff Salaries,$8312.31,3.57E+15
912,27/07/2024,Coaching Staff Salaries,$5705.60,3.59E+15
913,27/12/2024,Equipment,$3802.53,5.00E+15
914,9/11/2024,Marketing and Promotion,$2873.99,6.77E+16
915,15/12/2024,Coaching Staff Salaries,$9787.59,3.57E+15
916,2/9/2024,Administrative Costs,$6059.43,3.04E+13
917,10/11/2024,Facilities Maintenance,$9991.53,3.55E+15
918,19/09/2024,Administrative Costs,$1298.29,2.02E+14
919,8/6/2024,Administrative Costs,$4347.04,4.92E+15
920,23/12/2024,Marketing and Promotion,$3045.80,3.54E+15
921,6/8/2024,Facilities Maintenance,$4571.26,6.38E+15
922,24/10/2024,Marketing and Promotion,$653.94,4.84E+15
923,12/12/2024,Administrative Costs,$9460.46,3.03E+13
924,28/11/2024,Player Salaries,$7109.80,3.55E+15
925,4/12/2024,Player Salaries,$327.00,3.00E+13
926,3/12/2024,Administrative Costs,$4683.52,4.04E+15
927,24/08/2024,Facilities Maintenance,$8342.82,5.42E+15
928,29/06/2024,Facilities Maintenance,$9929.78,4.91E+15
929,30/09/2024,Administrative Costs,$2470.68,5.17E+15
930,2/11/2024,Administrative Costs,$3742.42,3.56E+15
931,4/12/2024,Facilities Maintenance,$2955.67,5.46E+15
932,9/6/2024,Facilities Maintenance,$1976.93,5.60E+17
933,20/11/2024,Coaching Staff Salaries,$6415.55,3.59E+15
934,9/9/2024,Marketing and Promotion,$3427.28,3.54E+15
935,12/10/2024,Marketing and Promotion,$6406.00,5.61E+17
936,27/08/2024,Administrative Costs,$3922.63,3.72E+14
937,22/11/2024,Coaching Staff Salaries,$1775.37,3.55E+15
938,27/06/2024,Marketing and Promotion,$2771.35,3.55E+15
939,17/10/2024,Player Salaries,$2298.38,5.10E+15
940,2/8/2024,Coaching Staff Salaries,$7556.99,2.02E+14
941,2/11/2024,Player Salaries,$8930.46,3.57E+15
942,25/07/2024,Coaching Staff Salaries,$1791.73,4.31E+15
943,9/11/2024,Administrative Costs,$9103.77,3.01E+13
944,5/8/2024,Administrative Costs,$662.14,3.02E+13
945,30/07/2024,Administrative Costs,$7192.78,3.56E+15
946,23/09/2024,Player Salaries,$9063.65,2.02E+14
947,26/11/2024,Equipment,$9386.74,4.41E+15
948,25/11/2024,Equipment,$1445.81,3.75E+14
949,29/08/2024,Marketing and Promotion,$7026.74,5.64E+15
950,27/06/2024,Marketing and Promotion,$9837.74,6.33E+17
951,13/11/2024,Administrative Costs,$8517.87,3.58E+15
952,31/07/2024,Marketing and Promotion,$2438.89,3.58E+15
953,10/8/2024,Marketing and Promotion,$2899.10,3.55E+15
954,16/09/2024,Coaching Staff Salaries,$8750.80,5.10E+15
955,29/09/2024,Equipment,$2425.93,4.92E+15
956,10/6/2024,Facilities Maintenance,$643.57,3.56E+15
957,3/7/2024,Administrative Costs,$4688.97,3.57E+15
958,19/09/2024,Coaching Staff Salaries,$1455.78,5.60E+18
959,7/10/2024,Administrative Costs,$271.90,3.53E+15
960,23/11/2024,Marketing and Promotion,$4566.53,5.60E+15
961,25/07/2024,Marketing and Promotion,$1379.22,3.56E+15
962,16/06/2024,Equipment,$3247.50,3.04E+13
963,22/07/2024,Coaching Staff Salaries,$1230.27,3.57E+15
964,5/12/2024,Coaching Staff Salaries,$1229.28,3.55E+15
965,27/08/2024,Facilities Maintenance,$9874.69,3.54E+15
966,17/10/2024,Player Salaries,$3321.27,3.57E+15
967,23/10/2024,Equipment,$6445.55,3.57E+15
968,16/08/2024,Facilities Maintenance,$6428.51,3.75E+14
969,18/08/2024,Coaching Staff Salaries,$6043.11,2.02E+14
970,20/08/2024,Administrative Costs,$2816.87,3.58E+15
971,13/07/2024,Player Salaries,$8593.48,5.14E+15
972,24/06/2024,Marketing and Promotion,$1949.13,3.57E+15
973,28/06/2024,Coaching Staff Salaries,$4180.46,3.58E+15
974,14/10/2024,Coaching Staff Salaries,$2420.71,3.53E+15
975,30/08/2024,Coaching Staff Salaries,$1872.50,4.41E+15
976,31/10/2024,Equipment,$1186.41,5.60E+15
977,29/08/2024,Coaching Staff Salaries,$9691.16,5.11E+15
978,28/08/2024,Facilities Maintenance,$3029.68,3.05E+13
979,1/12/2024,Coaching Staff Salaries,$1915.78,3.00E+13
980,24/08/2024,Coaching Staff Salaries,$4374.98,3.59E+15
981,16/12/2024,Facilities Maintenance,$8069.58,5.89E+16
982,25/12/2024,Coaching Staff Salaries,$9673.69,2.02E+14
983,10/10/2024,Administrative Costs,$8126.05,3.59E+15
984,21/11/2024,Equipment,$4716.18,2.02E+14
985,6/10/2024,Player Salaries,$9489.31,2.02E+14
986,24/09/2024,Coaching Staff Salaries,$5747.97,6.30E+18
987,26/12/2024,Coaching Staff Salaries,$444.53,3.57E+15
988,25/10/2024,Administrative Costs,$9984.28,3.02E+13
989,5/7/2024,Marketing and Promotion,$1707.70,5.44E+15
990,23/07/2024,Marketing and Promotion,$8083.64,6.71E+17
991,17/07/2024,Coaching Staff Salaries,$5687.90,4.91E+15
992,5/8/2024,Player Salaries,$2675.00,4.02E+15
993,3/1/2025,Marketing and Promotion,$7531.49,3.58E+15
994,18/07/2024,Marketing and Promotion,$9531.84,3.54E+15
995,18/07/2024,Coaching Staff Salaries,$8892.81,2.02E+14
996,26/08/2024,Facilities Maintenance,$2819.04,4.18E+15
997,22/10/2024,Administrative Costs,$6006.91,5.35E+15
998,8/9/2024,Marketing and Promotion,$2875.96,5.51E+15
999,8/9/2024,Coaching Staff Salaries,$810.28,5.01E+15
1000,8/6/2024,Facilities Maintenance,$3444.91,3.58E+15
